type,name,module,path,hash
"csv","agent-manifest","_config","_config/agent-manifest.csv","3b91fcb1e835fe66fe2514287f7fd99a1f8c8120f758ebd4cb616803a1e3861b"
"csv","task-manifest","_config","_config/task-manifest.csv","bac7378952f0c79a48469b582997507b08cf08583b31b8aa6083791db959e0f0"
"csv","workflow-manifest","_config","_config/workflow-manifest.csv","6229d468895a4d31d838737375bd534c9f6ef54e96b28c72f2f741289fa670a8"
"yaml","manifest","_config","_config/manifest.yaml","0478c11339d0378dc1ec71b6346fbefb73f3a15592e1b7ca304cc310c9fabc03"
"md","stories-told","_memory","_memory/storyteller-sidecar/stories-told.md","47ee9e599595f3d9daf96d47bcdacf55eeb69fbe5572f6b08a8f48c543bc62de"
"md","story-preferences","_memory","_memory/storyteller-sidecar/story-preferences.md","b70dbb5baf3603fdac12365ef24610685cba3b68a9bc41b07bbe455cbdcc0178"
"yaml","config","_memory","_memory/config.yaml","c22605180c776e6053b2415bb5e09f10b32f70157bcadb61899e916b2fabe3c7"
"csv","default-party","cis","cis/teams/default-party.csv","464310e738ec38cf8114552e8274f6c517a17db0e0b176d494ab50154ba982d5"
"csv","design-methods","cis","cis/workflows/design-thinking/design-methods.csv","6735e9777620398e35b7b8ccb21e9263d9164241c3b9973eb76f5112fb3a8fc9"
"csv","innovation-frameworks","cis","cis/workflows/innovation-strategy/innovation-frameworks.csv","9a14473b1d667467172d8d161e91829c174e476a030a983f12ec6af249c4e42f"
"csv","module-help","cis","cis/module-help.csv","3819767970ffea9166182aa3ce51aae1aef7f42c85af5962c8198676d92db07d"
"csv","solving-methods","cis","cis/workflows/problem-solving/solving-methods.csv","aa15c3a862523f20c199600d8d4d0a23fce1001010d7efc29a71abe537d42995"
"csv","story-types","cis","cis/workflows/storytelling/story-types.csv","ec5a3c713617bf7e2cf7db439303dd8f3363daa2f6db20a350c82260ade88bdb"
"md","instructions","cis","cis/workflows/design-thinking/instructions.md","496c15117fb54314f3e1e8e57dfd2fe8e787281e5ba046b7a063d8c6f1f18d40"
"md","instructions","cis","cis/workflows/innovation-strategy/instructions.md","ad4be7be6fa5dd2abd9cc59bd7ec0af396d6a6b8c83d21dbbb769f1b6a2b22db"
"md","instructions","cis","cis/workflows/problem-solving/instructions.md","959b98b8b8c4df5b10d1f28177b571e5f022d1594f4c060571a60aae8a716263"
"md","instructions","cis","cis/workflows/storytelling/instructions.md","c9fd0927719c2f9de202c60b1835fd7618e2dcfb34de1845bfb907e7656fa64c"
"md","README","cis","cis/workflows/README.md","1f6a9ebc342e6f48a74db106d7fdc903fe48720a2cb2160902b1b563c78b2d1d"
"md","README","cis","cis/workflows/design-thinking/README.md","0a38f88352dc4674f6e1f55a67ffebf403bf329c874a21a49ce7834c08f91f62"
"md","README","cis","cis/workflows/innovation-strategy/README.md","820a9e734fadf2cfac94d499cec2e4b41a54d054c0d2f6b9819da319beee4fb9"
"md","README","cis","cis/workflows/problem-solving/README.md","a5e75b9899751d7aabffcf65785f10d4d2e0455f8c7c541e8a143e3babceca8b"
"md","README","cis","cis/workflows/storytelling/README.md","1bad4223dce51cb5a7ab8c116467f78037a4583d3a840210ee2f160ad15b71ee"
"md","template","cis","cis/workflows/design-thinking/template.md","7834c387ac0412c841b49a9fcdd8043f5ce053e5cb26993548cf4d31b561f6f0"
"md","template","cis","cis/workflows/innovation-strategy/template.md","e59bd789df87130bde034586d3e68bf1847c074f63d839945e0c29b1d0c85c82"
"md","template","cis","cis/workflows/problem-solving/template.md","6c9efd7ac7b10010bd9911db16c2fbdca01fb0c306d871fa6381eef700b45608"
"md","template","cis","cis/workflows/storytelling/template.md","461981aa772ef2df238070cbec90fc40995df2a71a8c22225b90c91afed57452"
"yaml","config","cis","cis/config.yaml","24ee23f48d8654fa4828b02b0ec515349b8ca1813a8404d3384559b9ad2f8c20"
"yaml","creative-squad","cis","cis/teams/creative-squad.yaml","25407cf0ebdf5b10884cd03c86068e04715ef270ada93a3b64cb9907b62c71cf"
"yaml","workflow","cis","cis/workflows/design-thinking/workflow.yaml","1feb8900e6716125af1ef533bcc54659670de0a3e44ff66348518423c5e7a7fb"
"yaml","workflow","cis","cis/workflows/innovation-strategy/workflow.yaml","37b5e7f7d89999c85591bd5d95bfe2617f7690cfb8f0e1064803ec307a56eaaa"
"yaml","workflow","cis","cis/workflows/problem-solving/workflow.yaml","481e5e24f9661df5111404f494739557795d7379456b20c4f5a925b6a0b97fae"
"yaml","workflow","cis","cis/workflows/storytelling/workflow.yaml","3c8ad0a45f4f3c55896629b4cc11c165ff82febbb25c13214ca28aa3ef0f31cd"
"csv","brain-methods","core","core/workflows/brainstorming/brain-methods.csv","0ab5878b1dbc9e3fa98cb72abfc3920a586b9e2b42609211bb0516eefd542039"
"csv","methods","core","core/workflows/advanced-elicitation/methods.csv","e08b2e22fec700274982e37be608d6c3d1d4d0c04fa0bae05aa9dba2454e6141"
"csv","module-help","core","core/module-help.csv","4227d475748e8067aeae3e1a67d7b6235c109da13b2ef9131db930083dcb348d"
"md","help","core","core/tasks/help.md","950439aaff47aa25f94ede360ce8f8a47bf29c52b7f19c76a45960e8687fe726"
"md","step-01-agent-loading","core","core/workflows/party-mode/steps/step-01-agent-loading.md","04ab6b6247564f7edcd5c503f5ca7d27ae688b09bbe2e24345550963a016e9f9"
"md","step-01-session-setup","core","core/workflows/brainstorming/steps/step-01-session-setup.md","bc09cc22a0465b316ff3c13903b753768fa31d83abd3f9fc328631db63dc0cf8"
"md","step-01b-continue","core","core/workflows/brainstorming/steps/step-01b-continue.md","d76a406e0ff0a0e58006ec671b56f19a059e98cfebba4c0724ae6ccdd9303e7f"
"md","step-02-discussion-orchestration","core","core/workflows/party-mode/steps/step-02-discussion-orchestration.md","a8a79890bd03237e20f1293045ecf06f9a62bc590f5c2d4f88e250cee40abb0b"
"md","step-02a-user-selected","core","core/workflows/brainstorming/steps/step-02a-user-selected.md","558b162466745b92687a5d6e218f243a98436dd177b2d5544846c5ff4497cc94"
"md","step-02b-ai-recommended","core","core/workflows/brainstorming/steps/step-02b-ai-recommended.md","99aa935279889f278dcb2a61ba191600a18e9db356dd8ce62f0048d3c37c9531"
"md","step-02c-random-selection","core","core/workflows/brainstorming/steps/step-02c-random-selection.md","f188c260c321c7f026051fefcd267a26ee18ce2a07f64bab7f453c0c3e483316"
"md","step-02d-progressive-flow","core","core/workflows/brainstorming/steps/step-02d-progressive-flow.md","a28c7a3edf34ceb0eea203bf7dc80f39ca04974f6d1ec243f0a088281b2e55de"
"md","step-03-graceful-exit","core","core/workflows/party-mode/steps/step-03-graceful-exit.md","bdecc33004d73238ca05d8fc9d6b86cba89833630956f53ecd82ec3715c5f0da"
"md","step-03-technique-execution","core","core/workflows/brainstorming/steps/step-03-technique-execution.md","9e6abceec5f774c57cd5205e30a1f24a95441131dbffcae9c3dce72111f95ceb"
"md","step-04-idea-organization","core","core/workflows/brainstorming/steps/step-04-idea-organization.md","5224490c33bf4b23b2897f3bcf12abe0b1ced306541dd60c21df0ce9fc65d1ac"
"md","template","core","core/workflows/brainstorming/template.md","5c99d76963eb5fc21db96c5a68f39711dca7c6ed30e4f7d22aedee9e8bb964f9"
"md","workflow","core","core/workflows/brainstorming/workflow.md","7d7f957ccd176faed2551e3089abfa49032963e980b5643d9384690af3d61203"
"md","workflow","core","core/workflows/party-mode/workflow.md","f8537e152df8db331d86e2a37e5ced55bccff3a71e290f82eb754d28c0c9ec08"
"xml","editorial-review-prose","core","core/tasks/editorial-review-prose.xml","49f462ddc5f20a6e2abf14e4b8f3a25c70885c6a6d776ef4674739dd7880988a"
"xml","editorial-review-structure","core","core/tasks/editorial-review-structure.xml","307edce94877dacdaafb10f7ea39115944c7d19e57228a7859abf2fee8b1a177"
"xml","index-docs","core","core/tasks/index-docs.xml","90076db678b1d65b4dd8b166731584fafc68e660e5015f309a1c78aae6e25a28"
"xml","review-adversarial-general","core","core/tasks/review-adversarial-general.xml","347436fde09411caaab10ff97e4cbd2bfef31dbe9f8db9e0eb49c3ed361ede7b"
"xml","shard-doc","core","core/tasks/shard-doc.xml","947f2c7d4f6bb269ad0bcc1a03227d0d6da642d9df47894b8ba215c5149aed3d"
"xml","workflow","core","core/tasks/workflow.xml","17bca7fa63bae20aaac4768d81463a7a2de7f80b60d4d9a8f36b70821ba86cfd"
"xml","workflow","core","core/workflows/advanced-elicitation/workflow.xml","ead4dc1e50c95d8966b3676842a57fca97c70d83f1f3b9e9c2d746821e6868b4"
"yaml","config","core","core/config.yaml","1af945a3122b779c4a10e757ffb1507dded5d1a83ca67de54ffc42063754cd43"
