run_id,date,strategy,symbol,expiration,strike_short,strike_long,vix_close,iv_current,hv_current,vrp,candidate_score,is_eligible,fail_reason
sim_2019-02-09_2026-05-21_29c06ed80e5a,2019-02-11,short_straddle,SPY,,,,15.970000267028809,,,,0.0,False,missing_candidate_legs
sim_2019-02-09_2026-05-21_29c06ed80e5a,2019-02-11,put_credit_spread,SPY,,,,15.970000267028809,,,,0.0,False,missing_candidate_legs
sim_2019-02-09_2026-05-21_29c06ed80e5a,2019-02-12,short_straddle,SPY,,,,15.43000030517578,,,,0.0,False,missing_candidate_legs
sim_2019-02-09_2026-05-21_29c06ed80e5a,2019-02-12,put_credit_spread,SPY,,,,15.43000030517578,,,,0.0,False,missing_candidate_legs
sim_2019-02-09_2026-05-21_29c06ed80e5a,2019-02-13,short_straddle,SPY,,,,15.649999618530272,,,,0.0,False,missing_candidate_legs
sim_2019-02-09_2026-05-21_29c06ed80e5a,2019-02-13,put_credit_spread,SPY,,,,15.649999618530272,,,,0.0,False,missing_candidate_legs
sim_2019-02-09_2026-05-21_29c06ed80e5a,2019-02-14,short_straddle,SPY,,,,16.219999313354492,,,,0.0,False,missing_candidate_legs
sim_2019-02-09_2026-05-21_29c06ed80e5a,2019-02-14,put_credit_spread,SPY,,,,16.219999313354492,,,,0.0,False,missing_candidate_legs
sim_2019-02-09_2026-05-21_29c06ed80e5a,2019-02-15,short_straddle,SPY,,,,14.90999984741211,,,,0.0,False,missing_candidate_legs
sim_2019-02-09_2026-05-21_29c06ed80e5a,2019-02-15,put_credit_spread,SPY,,,,14.90999984741211,,,,0.0,False,missing_candidate_legs
sim_2019-02-09_2026-05-21_29c06ed80e5a,2019-02-19,short_straddle,SPY,,,,14.880000114440918,,,,0.0,False,missing_candidate_legs
sim_2019-02-09_2026-05-21_29c06ed80e5a,2019-02-19,put_credit_spread,SPY,,,,14.880000114440918,,,,0.0,False,missing_candidate_legs
sim_2019-02-09_2026-05-21_29c06ed80e5a,2019-02-20,short_straddle,SPY,,,,14.020000457763672,,,,0.0,False,missing_candidate_legs
sim_2019-02-09_2026-05-21_29c06ed80e5a,2019-02-20,put_credit_spread,SPY,,,,14.020000457763672,,,,0.0,False,missing_candidate_legs
sim_2019-02-09_2026-05-21_29c06ed80e5a,2019-02-21,short_straddle,SPY,,,,14.460000038146973,,,,0.0,False,missing_candidate_legs
sim_2019-02-09_2026-05-21_29c06ed80e5a,2019-02-21,put_credit_spread,SPY,,,,14.460000038146973,,,,0.0,False,missing_candidate_legs
sim_2019-02-09_2026-05-21_29c06ed80e5a,2019-02-22,short_straddle,SPY,,,,13.510000228881836,,,,0.0,False,missing_candidate_legs
sim_2019-02-09_2026-05-21_29c06ed80e5a,2019-02-22,put_credit_spread,SPY,,,,13.510000228881836,,,,0.0,False,missing_candidate_legs
sim_2019-02-09_2026-05-21_29c06ed80e5a,2019-02-25,short_straddle,SPY,,,,14.850000381469728,,,,0.0,False,missing_candidate_legs
sim_2019-02-09_2026-05-21_29c06ed80e5a,2019-02-25,put_credit_spread,SPY,,,,14.850000381469728,,,,0.0,False,missing_candidate_legs
sim_2019-02-09_2026-05-21_29c06ed80e5a,2019-02-26,short_straddle,SPY,,,,15.170000076293944,,,,0.0,False,missing_candidate_legs
sim_2019-02-09_2026-05-21_29c06ed80e5a,2019-02-26,put_credit_spread,SPY,,,,15.170000076293944,,,,0.0,False,missing_candidate_legs
sim_2019-02-09_2026-05-21_29c06ed80e5a,2019-02-27,short_straddle,SPY,,,,14.699999809265137,,,,0.0,False,missing_candidate_legs
sim_2019-02-09_2026-05-21_29c06ed80e5a,2019-02-27,put_credit_spread,SPY,,,,14.699999809265137,,,,0.0,False,missing_candidate_legs
sim_2019-02-09_2026-05-21_29c06ed80e5a,2019-02-28,short_straddle,SPY,,,,14.779999732971191,,,,0.0,False,missing_candidate_legs
sim_2019-02-09_2026-05-21_29c06ed80e5a,2019-02-28,put_credit_spread,SPY,,,,14.779999732971191,,,,0.0,False,missing_candidate_legs
sim_2019-02-09_2026-05-21_29c06ed80e5a,2019-03-01,short_straddle,SPY,,,,13.56999969482422,,,,0.0,False,missing_candidate_legs
sim_2019-02-09_2026-05-21_29c06ed80e5a,2019-03-01,put_credit_spread,SPY,,,,13.56999969482422,,,,0.0,False,missing_candidate_legs
sim_2019-02-09_2026-05-21_29c06ed80e5a,2019-03-04,short_straddle,SPY,,,,14.630000114440918,,,,0.0,False,missing_candidate_legs
sim_2019-02-09_2026-05-21_29c06ed80e5a,2019-03-04,put_credit_spread,SPY,,,,14.630000114440918,,,,0.0,False,missing_candidate_legs
sim_2019-02-09_2026-05-21_29c06ed80e5a,2019-03-05,short_straddle,SPY,,,,14.739999771118164,,,,0.0,False,missing_candidate_legs
sim_2019-02-09_2026-05-21_29c06ed80e5a,2019-03-05,put_credit_spread,SPY,,,,14.739999771118164,,,,0.0,False,missing_candidate_legs
sim_2019-02-09_2026-05-21_29c06ed80e5a,2019-03-06,short_straddle,SPY,,,,15.739999771118164,,,,0.0,False,missing_candidate_legs
sim_2019-02-09_2026-05-21_29c06ed80e5a,2019-03-06,put_credit_spread,SPY,,,,15.739999771118164,,,,0.0,False,missing_candidate_legs
sim_2019-02-09_2026-05-21_29c06ed80e5a,2019-03-07,short_straddle,SPY,,,,16.59000015258789,,,,0.0,False,missing_candidate_legs
sim_2019-02-09_2026-05-21_29c06ed80e5a,2019-03-07,put_credit_spread,SPY,,,,16.59000015258789,,,,0.0,False,missing_candidate_legs
sim_2019-02-09_2026-05-21_29c06ed80e5a,2019-03-08,short_straddle,SPY,,,,16.049999237060547,,,,0.0,False,missing_candidate_legs
sim_2019-02-09_2026-05-21_29c06ed80e5a,2019-03-08,put_credit_spread,SPY,,,,16.049999237060547,,,,0.0,False,missing_candidate_legs
sim_2019-02-09_2026-05-21_29c06ed80e5a,2019-03-11,short_straddle,SPY,,,,14.329999923706056,,,,0.0,False,missing_candidate_legs
sim_2019-02-09_2026-05-21_29c06ed80e5a,2019-03-11,put_credit_spread,SPY,,,,14.329999923706056,,,,0.0,False,missing_candidate_legs
sim_2019-02-09_2026-05-21_29c06ed80e5a,2019-03-12,short_straddle,SPY,,,,13.770000457763672,,,,0.0,False,missing_candidate_legs
sim_2019-02-09_2026-05-21_29c06ed80e5a,2019-03-12,put_credit_spread,SPY,,,,13.770000457763672,,,,0.0,False,missing_candidate_legs
sim_2019-02-09_2026-05-21_29c06ed80e5a,2019-03-13,short_straddle,SPY,,,,13.40999984741211,,,,0.0,False,missing_candidate_legs
sim_2019-02-09_2026-05-21_29c06ed80e5a,2019-03-13,put_credit_spread,SPY,,,,13.40999984741211,,,,0.0,False,missing_candidate_legs
sim_2019-02-09_2026-05-21_29c06ed80e5a,2019-03-14,short_straddle,SPY,,,,13.5,,,,0.0,False,missing_candidate_legs
sim_2019-02-09_2026-05-21_29c06ed80e5a,2019-03-14,put_credit_spread,SPY,,,,13.5,,,,0.0,False,missing_candidate_legs
sim_2019-02-09_2026-05-21_29c06ed80e5a,2019-03-15,short_straddle,SPY,,,,12.880000114440918,,,,0.0,False,missing_candidate_legs
sim_2019-02-09_2026-05-21_29c06ed80e5a,2019-03-15,put_credit_spread,SPY,,,,12.880000114440918,,,,0.0,False,missing_candidate_legs
sim_2019-02-09_2026-05-21_29c06ed80e5a,2019-03-18,short_straddle,SPY,,,,13.100000381469728,,,,0.0,False,missing_candidate_legs
sim_2019-02-09_2026-05-21_29c06ed80e5a,2019-03-18,put_credit_spread,SPY,,,,13.100000381469728,,,,0.0,False,missing_candidate_legs
sim_2019-02-09_2026-05-21_29c06ed80e5a,2019-03-19,short_straddle,SPY,,,,13.5600004196167,,,,0.0,False,missing_candidate_legs
sim_2019-02-09_2026-05-21_29c06ed80e5a,2019-03-19,put_credit_spread,SPY,,,,13.5600004196167,,,,0.0,False,missing_candidate_legs
sim_2019-02-09_2026-05-21_29c06ed80e5a,2019-03-20,short_straddle,SPY,,,,13.90999984741211,,,,0.0,False,missing_candidate_legs
sim_2019-02-09_2026-05-21_29c06ed80e5a,2019-03-20,put_credit_spread,SPY,,,,13.90999984741211,,,,0.0,False,missing_candidate_legs
sim_2019-02-09_2026-05-21_29c06ed80e5a,2019-03-21,short_straddle,SPY,,,,13.630000114440918,,,,0.0,False,missing_candidate_legs
sim_2019-02-09_2026-05-21_29c06ed80e5a,2019-03-21,put_credit_spread,SPY,,,,13.630000114440918,,,,0.0,False,missing_candidate_legs
sim_2019-02-09_2026-05-21_29c06ed80e5a,2019-03-22,short_straddle,SPY,,,,16.479999542236328,,,,0.0,False,missing_candidate_legs
sim_2019-02-09_2026-05-21_29c06ed80e5a,2019-03-22,put_credit_spread,SPY,,,,16.479999542236328,,,,0.0,False,missing_candidate_legs
sim_2019-02-09_2026-05-21_29c06ed80e5a,2019-03-25,short_straddle,SPY,,,,16.329999923706055,,,,0.0,False,missing_candidate_legs
sim_2019-02-09_2026-05-21_29c06ed80e5a,2019-03-25,put_credit_spread,SPY,,,,16.329999923706055,,,,0.0,False,missing_candidate_legs
sim_2019-02-09_2026-05-21_29c06ed80e5a,2019-03-26,short_straddle,SPY,,,,14.68000030517578,,,,0.0,False,missing_candidate_legs
sim_2019-02-09_2026-05-21_29c06ed80e5a,2019-03-26,put_credit_spread,SPY,,,,14.68000030517578,,,,0.0,False,missing_candidate_legs
sim_2019-02-09_2026-05-21_29c06ed80e5a,2019-03-27,short_straddle,SPY,,,,15.149999618530272,,,,0.0,False,missing_candidate_legs
sim_2019-02-09_2026-05-21_29c06ed80e5a,2019-03-27,put_credit_spread,SPY,,,,15.149999618530272,,,,0.0,False,missing_candidate_legs
sim_2019-02-09_2026-05-21_29c06ed80e5a,2019-03-28,short_straddle,SPY,,,,14.43000030517578,,,,0.0,False,missing_candidate_legs
sim_2019-02-09_2026-05-21_29c06ed80e5a,2019-03-28,put_credit_spread,SPY,,,,14.43000030517578,,,,0.0,False,missing_candidate_legs
sim_2019-02-09_2026-05-21_29c06ed80e5a,2019-03-29,short_straddle,SPY,,,,13.710000038146973,,,,0.0,False,missing_candidate_legs
sim_2019-02-09_2026-05-21_29c06ed80e5a,2019-03-29,put_credit_spread,SPY,,,,13.710000038146973,,,,0.0,False,missing_candidate_legs
sim_2019-02-09_2026-05-21_29c06ed80e5a,2019-04-01,short_straddle,SPY,,,,13.399999618530272,,,,0.0,False,missing_candidate_legs
sim_2019-02-09_2026-05-21_29c06ed80e5a,2019-04-01,put_credit_spread,SPY,,,,13.399999618530272,,,,0.0,False,missing_candidate_legs
sim_2019-02-09_2026-05-21_29c06ed80e5a,2019-04-02,short_straddle,SPY,,,,13.359999656677246,,,,0.0,False,missing_candidate_legs
sim_2019-02-09_2026-05-21_29c06ed80e5a,2019-04-02,put_credit_spread,SPY,,,,13.359999656677246,,,,0.0,False,missing_candidate_legs
sim_2019-02-09_2026-05-21_29c06ed80e5a,2019-04-03,short_straddle,SPY,,,,13.739999771118164,,,,0.0,False,missing_candidate_legs
sim_2019-02-09_2026-05-21_29c06ed80e5a,2019-04-03,put_credit_spread,SPY,,,,13.739999771118164,,,,0.0,False,missing_candidate_legs
sim_2019-02-09_2026-05-21_29c06ed80e5a,2019-04-04,short_straddle,SPY,,,,13.579999923706056,,,,0.0,False,missing_candidate_legs
sim_2019-02-09_2026-05-21_29c06ed80e5a,2019-04-04,put_credit_spread,SPY,,,,13.579999923706056,,,,0.0,False,missing_candidate_legs
sim_2019-02-09_2026-05-21_29c06ed80e5a,2019-04-05,short_straddle,SPY,,,,12.81999969482422,,,,0.0,False,missing_candidate_legs
sim_2019-02-09_2026-05-21_29c06ed80e5a,2019-04-05,put_credit_spread,SPY,,,,12.81999969482422,,,,0.0,False,missing_candidate_legs
sim_2019-02-09_2026-05-21_29c06ed80e5a,2019-04-08,short_straddle,SPY,,,,13.18000030517578,,,,0.0,False,missing_candidate_legs
sim_2019-02-09_2026-05-21_29c06ed80e5a,2019-04-08,put_credit_spread,SPY,,,,13.18000030517578,,,,0.0,False,missing_candidate_legs
sim_2019-02-09_2026-05-21_29c06ed80e5a,2019-04-09,short_straddle,SPY,,,,14.279999732971191,,,,0.0,False,missing_candidate_legs
sim_2019-02-09_2026-05-21_29c06ed80e5a,2019-04-09,put_credit_spread,SPY,,,,14.279999732971191,,,,0.0,False,missing_candidate_legs
sim_2019-02-09_2026-05-21_29c06ed80e5a,2019-04-10,short_straddle,SPY,,,,13.300000190734863,,,,0.0,False,missing_candidate_legs
sim_2019-02-09_2026-05-21_29c06ed80e5a,2019-04-10,put_credit_spread,SPY,,,,13.300000190734863,,,,0.0,False,missing_candidate_legs
sim_2019-02-09_2026-05-21_29c06ed80e5a,2019-04-11,short_straddle,SPY,,,,13.020000457763672,,,,0.0,False,missing_candidate_legs
sim_2019-02-09_2026-05-21_29c06ed80e5a,2019-04-11,put_credit_spread,SPY,,,,13.020000457763672,,,,0.0,False,missing_candidate_legs
sim_2019-02-09_2026-05-21_29c06ed80e5a,2019-04-12,short_straddle,SPY,,,,12.010000228881836,,,,0.0,False,missing_candidate_legs
sim_2019-02-09_2026-05-21_29c06ed80e5a,2019-04-12,put_credit_spread,SPY,,,,12.010000228881836,,,,0.0,False,missing_candidate_legs
sim_2019-02-09_2026-05-21_29c06ed80e5a,2019-04-15,short_straddle,SPY,,,,12.31999969482422,,,,0.0,False,missing_candidate_legs
sim_2019-02-09_2026-05-21_29c06ed80e5a,2019-04-15,put_credit_spread,SPY,,,,12.31999969482422,,,,0.0,False,missing_candidate_legs
sim_2019-02-09_2026-05-21_29c06ed80e5a,2019-04-16,short_straddle,SPY,,,,12.18000030517578,,,,0.0,False,missing_candidate_legs
sim_2019-02-09_2026-05-21_29c06ed80e5a,2019-04-16,put_credit_spread,SPY,,,,12.18000030517578,,,,0.0,False,missing_candidate_legs
sim_2019-02-09_2026-05-21_29c06ed80e5a,2019-04-17,short_straddle,SPY,,,,12.600000381469728,,,,0.0,False,missing_candidate_legs
sim_2019-02-09_2026-05-21_29c06ed80e5a,2019-04-17,put_credit_spread,SPY,,,,12.600000381469728,,,,0.0,False,missing_candidate_legs
sim_2019-02-09_2026-05-21_29c06ed80e5a,2019-04-18,short_straddle,SPY,,,,12.09000015258789,,,,0.0,False,missing_candidate_legs
sim_2019-02-09_2026-05-21_29c06ed80e5a,2019-04-18,put_credit_spread,SPY,,,,12.09000015258789,,,,0.0,False,missing_candidate_legs
sim_2019-02-09_2026-05-21_29c06ed80e5a,2019-04-22,short_straddle,SPY,,,,12.420000076293944,,,,0.0,False,missing_candidate_legs
sim_2019-02-09_2026-05-21_29c06ed80e5a,2019-04-22,put_credit_spread,SPY,,,,12.420000076293944,,,,0.0,False,missing_candidate_legs
sim_2019-02-09_2026-05-21_29c06ed80e5a,2019-04-23,short_straddle,SPY,,,,12.279999732971191,,,,0.0,False,missing_candidate_legs
sim_2019-02-09_2026-05-21_29c06ed80e5a,2019-04-23,put_credit_spread,SPY,,,,12.279999732971191,,,,0.0,False,missing_candidate_legs
sim_2019-02-09_2026-05-21_29c06ed80e5a,2019-04-24,short_straddle,SPY,,,,13.140000343322754,,,,0.0,False,missing_candidate_legs
sim_2019-02-09_2026-05-21_29c06ed80e5a,2019-04-24,put_credit_spread,SPY,,,,13.140000343322754,,,,0.0,False,missing_candidate_legs
sim_2019-02-09_2026-05-21_29c06ed80e5a,2019-04-25,short_straddle,SPY,,,,13.25,,,,0.0,False,missing_candidate_legs
sim_2019-02-09_2026-05-21_29c06ed80e5a,2019-04-25,put_credit_spread,SPY,,,,13.25,,,,0.0,False,missing_candidate_legs
sim_2019-02-09_2026-05-21_29c06ed80e5a,2019-04-26,short_straddle,SPY,,,,12.729999542236328,,,,0.0,False,missing_candidate_legs
sim_2019-02-09_2026-05-21_29c06ed80e5a,2019-04-26,put_credit_spread,SPY,,,,12.729999542236328,,,,0.0,False,missing_candidate_legs
sim_2019-02-09_2026-05-21_29c06ed80e5a,2019-04-29,short_straddle,SPY,,,,13.109999656677246,,,,0.0,False,missing_candidate_legs
sim_2019-02-09_2026-05-21_29c06ed80e5a,2019-04-29,put_credit_spread,SPY,,,,13.109999656677246,,,,0.0,False,missing_candidate_legs
sim_2019-02-09_2026-05-21_29c06ed80e5a,2019-04-30,short_straddle,SPY,,,,13.119999885559082,,,,0.0,False,missing_candidate_legs
sim_2019-02-09_2026-05-21_29c06ed80e5a,2019-04-30,put_credit_spread,SPY,,,,13.119999885559082,,,,0.0,False,missing_candidate_legs
sim_2019-02-09_2026-05-21_29c06ed80e5a,2019-05-01,short_straddle,SPY,,,,14.800000190734863,,,,0.0,False,missing_candidate_legs
sim_2019-02-09_2026-05-21_29c06ed80e5a,2019-05-01,put_credit_spread,SPY,,,,14.800000190734863,,,,0.0,False,missing_candidate_legs
sim_2019-02-09_2026-05-21_29c06ed80e5a,2019-05-02,short_straddle,SPY,,,,14.420000076293944,,,,0.0,False,missing_candidate_legs
sim_2019-02-09_2026-05-21_29c06ed80e5a,2019-05-02,put_credit_spread,SPY,,,,14.420000076293944,,,,0.0,False,missing_candidate_legs
sim_2019-02-09_2026-05-21_29c06ed80e5a,2019-05-03,short_straddle,SPY,,,,12.869999885559082,,,,0.0,False,missing_candidate_legs
sim_2019-02-09_2026-05-21_29c06ed80e5a,2019-05-03,put_credit_spread,SPY,,,,12.869999885559082,,,,0.0,False,missing_candidate_legs
sim_2019-02-09_2026-05-21_29c06ed80e5a,2019-05-06,short_straddle,SPY,,,,15.4399995803833,,,,0.0,False,missing_candidate_legs
sim_2019-02-09_2026-05-21_29c06ed80e5a,2019-05-06,put_credit_spread,SPY,,,,15.4399995803833,,,,0.0,False,missing_candidate_legs
sim_2019-02-09_2026-05-21_29c06ed80e5a,2019-05-07,short_straddle,SPY,,,,19.31999969482422,,,,0.0,False,missing_candidate_legs
sim_2019-02-09_2026-05-21_29c06ed80e5a,2019-05-07,put_credit_spread,SPY,,,,19.31999969482422,,,,0.0,False,missing_candidate_legs
sim_2019-02-09_2026-05-21_29c06ed80e5a,2019-05-08,short_straddle,SPY,,,,19.39999961853028,,,,0.0,False,missing_candidate_legs
sim_2019-02-09_2026-05-21_29c06ed80e5a,2019-05-08,put_credit_spread,SPY,,,,19.39999961853028,,,,0.0,False,missing_candidate_legs
sim_2019-02-09_2026-05-21_29c06ed80e5a,2019-05-09,short_straddle,SPY,,,,19.100000381469727,,,,0.0,False,missing_candidate_legs
sim_2019-02-09_2026-05-21_29c06ed80e5a,2019-05-09,put_credit_spread,SPY,,,,19.100000381469727,,,,0.0,False,missing_candidate_legs
sim_2019-02-09_2026-05-21_29c06ed80e5a,2019-05-10,short_straddle,SPY,2019-06-07,288.0,,16.040000915527344,0.1398,0.0878,0.052000000000000005,1.036679,True,
sim_2019-02-09_2026-05-21_29c06ed80e5a,2019-05-10,put_credit_spread,SPY,2019-06-07,282.5,268.0,16.040000915527344,0.1398,0.0878,0.052000000000000005,1.022976,True,
sim_2019-02-09_2026-05-21_29c06ed80e5a,2019-06-05,short_straddle,SPY,,,,16.09000015258789,,,,0.0,False,missing_candidate_legs
sim_2019-02-09_2026-05-21_29c06ed80e5a,2019-06-06,short_straddle,SPY,,,,15.93000030517578,,,,0.0,False,missing_candidate_legs
sim_2019-02-09_2026-05-21_29c06ed80e5a,2019-06-07,short_straddle,SPY,,,,16.299999237060547,,,,0.0,False,missing_candidate_legs
sim_2019-02-09_2026-05-21_29c06ed80e5a,2019-06-07,put_credit_spread,SPY,,,,16.299999237060547,,,,0.0,False,missing_candidate_legs
sim_2019-02-09_2026-05-21_29c06ed80e5a,2019-06-10,short_straddle,SPY,,,,15.9399995803833,,,,0.0,False,missing_candidate_legs
sim_2019-02-09_2026-05-21_29c06ed80e5a,2019-06-10,put_credit_spread,SPY,,,,15.9399995803833,,,,0.0,False,missing_candidate_legs
sim_2019-02-09_2026-05-21_29c06ed80e5a,2019-06-11,short_straddle,SPY,,,,15.989999771118164,,,,0.0,False,missing_candidate_legs
sim_2019-02-09_2026-05-21_29c06ed80e5a,2019-06-11,put_credit_spread,SPY,,,,15.989999771118164,,,,0.0,False,missing_candidate_legs
sim_2019-02-09_2026-05-21_29c06ed80e5a,2019-06-12,short_straddle,SPY,,,,15.90999984741211,,,,0.0,False,missing_candidate_legs
sim_2019-02-09_2026-05-21_29c06ed80e5a,2019-06-12,put_credit_spread,SPY,,,,15.90999984741211,,,,0.0,False,missing_candidate_legs
sim_2019-02-09_2026-05-21_29c06ed80e5a,2019-06-13,short_straddle,SPY,,,,15.81999969482422,,,,0.0,False,missing_candidate_legs
sim_2019-02-09_2026-05-21_29c06ed80e5a,2019-06-13,put_credit_spread,SPY,,,,15.81999969482422,,,,0.0,False,missing_candidate_legs
sim_2019-02-09_2026-05-21_29c06ed80e5a,2019-06-14,short_straddle,SPY,,,,15.279999732971191,,,,0.0,False,missing_candidate_legs
sim_2019-02-09_2026-05-21_29c06ed80e5a,2019-06-14,put_credit_spread,SPY,,,,15.279999732971191,,,,0.0,False,missing_candidate_legs
sim_2019-02-09_2026-05-21_29c06ed80e5a,2019-06-17,short_straddle,SPY,,,,15.350000381469728,,,,0.0,False,missing_candidate_legs
sim_2019-02-09_2026-05-21_29c06ed80e5a,2019-06-17,put_credit_spread,SPY,,,,15.350000381469728,,,,0.0,False,missing_candidate_legs
sim_2019-02-09_2026-05-21_29c06ed80e5a,2019-06-18,short_straddle,SPY,,,,15.149999618530272,,,,0.0,False,missing_candidate_legs
sim_2019-02-09_2026-05-21_29c06ed80e5a,2019-06-18,put_credit_spread,SPY,,,,15.149999618530272,,,,0.0,False,missing_candidate_legs
sim_2019-02-09_2026-05-21_29c06ed80e5a,2019-06-19,short_straddle,SPY,,,,14.329999923706056,,,,0.0,False,missing_candidate_legs
sim_2019-02-09_2026-05-21_29c06ed80e5a,2019-06-19,put_credit_spread,SPY,,,,14.329999923706056,,,,0.0,False,missing_candidate_legs
sim_2019-02-09_2026-05-21_29c06ed80e5a,2019-06-20,short_straddle,SPY,,,,14.75,,,,0.0,False,missing_candidate_legs
sim_2019-02-09_2026-05-21_29c06ed80e5a,2019-06-20,put_credit_spread,SPY,,,,14.75,,,,0.0,False,missing_candidate_legs
sim_2019-02-09_2026-05-21_29c06ed80e5a,2019-06-21,short_straddle,SPY,,,,15.399999618530272,,,,0.0,False,missing_candidate_legs
sim_2019-02-09_2026-05-21_29c06ed80e5a,2019-06-21,put_credit_spread,SPY,,,,15.399999618530272,,,,0.0,False,missing_candidate_legs
sim_2019-02-09_2026-05-21_29c06ed80e5a,2019-06-24,short_straddle,SPY,,,,15.260000228881836,,,,0.0,False,missing_candidate_legs
sim_2019-02-09_2026-05-21_29c06ed80e5a,2019-06-24,put_credit_spread,SPY,,,,15.260000228881836,,,,0.0,False,missing_candidate_legs
sim_2019-02-09_2026-05-21_29c06ed80e5a,2019-06-25,short_straddle,SPY,,,,16.280000686645508,,,,0.0,False,missing_candidate_legs
sim_2019-02-09_2026-05-21_29c06ed80e5a,2019-06-25,put_credit_spread,SPY,,,,16.280000686645508,,,,0.0,False,missing_candidate_legs
sim_2019-02-09_2026-05-21_29c06ed80e5a,2019-06-26,short_straddle,SPY,,,,16.209999084472656,,,,0.0,False,missing_candidate_legs
sim_2019-02-09_2026-05-21_29c06ed80e5a,2019-06-26,put_credit_spread,SPY,,,,16.209999084472656,,,,0.0,False,missing_candidate_legs
sim_2019-02-09_2026-05-21_29c06ed80e5a,2019-06-27,short_straddle,SPY,,,,15.81999969482422,,,,0.0,False,missing_candidate_legs
sim_2019-02-09_2026-05-21_29c06ed80e5a,2019-06-27,put_credit_spread,SPY,,,,15.81999969482422,,,,0.0,False,missing_candidate_legs
sim_2019-02-09_2026-05-21_29c06ed80e5a,2019-06-28,short_straddle,SPY,,,,15.079999923706056,,,,0.0,False,missing_candidate_legs
sim_2019-02-09_2026-05-21_29c06ed80e5a,2019-06-28,put_credit_spread,SPY,,,,15.079999923706056,,,,0.0,False,missing_candidate_legs
sim_2019-02-09_2026-05-21_29c06ed80e5a,2019-07-01,short_straddle,SPY,,,,14.0600004196167,,,,0.0,False,missing_candidate_legs
sim_2019-02-09_2026-05-21_29c06ed80e5a,2019-07-01,put_credit_spread,SPY,,,,14.0600004196167,,,,0.0,False,missing_candidate_legs
sim_2019-02-09_2026-05-21_29c06ed80e5a,2019-07-02,short_straddle,SPY,,,,12.93000030517578,,,,0.0,False,missing_candidate_legs
sim_2019-02-09_2026-05-21_29c06ed80e5a,2019-07-02,put_credit_spread,SPY,,,,12.93000030517578,,,,0.0,False,missing_candidate_legs
sim_2019-02-09_2026-05-21_29c06ed80e5a,2019-07-03,short_straddle,SPY,,,,12.56999969482422,,,,0.0,False,missing_candidate_legs
sim_2019-02-09_2026-05-21_29c06ed80e5a,2019-07-03,put_credit_spread,SPY,,,,12.56999969482422,,,,0.0,False,missing_candidate_legs
sim_2019-02-09_2026-05-21_29c06ed80e5a,2019-07-05,short_straddle,SPY,,,,13.279999732971191,,,,0.0,False,missing_candidate_legs
sim_2019-02-09_2026-05-21_29c06ed80e5a,2019-07-05,put_credit_spread,SPY,,,,13.279999732971191,,,,0.0,False,missing_candidate_legs
sim_2019-02-09_2026-05-21_29c06ed80e5a,2019-07-08,short_straddle,SPY,,,,13.960000038146973,,,,0.0,False,missing_candidate_legs
sim_2019-02-09_2026-05-21_29c06ed80e5a,2019-07-08,put_credit_spread,SPY,,,,13.960000038146973,,,,0.0,False,missing_candidate_legs
sim_2019-02-09_2026-05-21_29c06ed80e5a,2019-07-09,short_straddle,SPY,,,,14.09000015258789,,,,0.0,False,missing_candidate_legs
sim_2019-02-09_2026-05-21_29c06ed80e5a,2019-07-09,put_credit_spread,SPY,,,,14.09000015258789,,,,0.0,False,missing_candidate_legs
sim_2019-02-09_2026-05-21_29c06ed80e5a,2019-07-10,short_straddle,SPY,,,,13.029999732971191,,,,0.0,False,missing_candidate_legs
sim_2019-02-09_2026-05-21_29c06ed80e5a,2019-07-10,put_credit_spread,SPY,,,,13.029999732971191,,,,0.0,False,missing_candidate_legs
sim_2019-02-09_2026-05-21_29c06ed80e5a,2019-07-11,short_straddle,SPY,,,,12.93000030517578,,,,0.0,False,missing_candidate_legs
sim_2019-02-09_2026-05-21_29c06ed80e5a,2019-07-11,put_credit_spread,SPY,,,,12.93000030517578,,,,0.0,False,missing_candidate_legs
sim_2019-02-09_2026-05-21_29c06ed80e5a,2019-07-12,short_straddle,SPY,,,,12.390000343322754,,,,0.0,False,missing_candidate_legs
sim_2019-02-09_2026-05-21_29c06ed80e5a,2019-07-12,put_credit_spread,SPY,,,,12.390000343322754,,,,0.0,False,missing_candidate_legs
sim_2019-02-09_2026-05-21_29c06ed80e5a,2019-07-15,short_straddle,SPY,,,,12.68000030517578,,,,0.0,False,missing_candidate_legs
sim_2019-02-09_2026-05-21_29c06ed80e5a,2019-07-15,put_credit_spread,SPY,,,,12.68000030517578,,,,0.0,False,missing_candidate_legs
sim_2019-02-09_2026-05-21_29c06ed80e5a,2019-07-16,short_straddle,SPY,,,,12.859999656677246,,,,0.0,False,missing_candidate_legs
sim_2019-02-09_2026-05-21_29c06ed80e5a,2019-07-16,put_credit_spread,SPY,,,,12.859999656677246,,,,0.0,False,missing_candidate_legs
sim_2019-02-09_2026-05-21_29c06ed80e5a,2019-07-17,short_straddle,SPY,,,,13.970000267028809,,,,0.0,False,missing_candidate_legs
sim_2019-02-09_2026-05-21_29c06ed80e5a,2019-07-17,put_credit_spread,SPY,,,,13.970000267028809,,,,0.0,False,missing_candidate_legs
sim_2019-02-09_2026-05-21_29c06ed80e5a,2019-07-18,short_straddle,SPY,,,,13.529999732971191,,,,0.0,False,missing_candidate_legs
sim_2019-02-09_2026-05-21_29c06ed80e5a,2019-07-18,put_credit_spread,SPY,,,,13.529999732971191,,,,0.0,False,missing_candidate_legs
sim_2019-02-09_2026-05-21_29c06ed80e5a,2019-07-19,short_straddle,SPY,,,,14.449999809265137,,,,0.0,False,missing_candidate_legs
sim_2019-02-09_2026-05-21_29c06ed80e5a,2019-07-19,put_credit_spread,SPY,,,,14.449999809265137,,,,0.0,False,missing_candidate_legs
sim_2019-02-09_2026-05-21_29c06ed80e5a,2019-07-22,short_straddle,SPY,,,,13.529999732971191,,,,0.0,False,missing_candidate_legs
sim_2019-02-09_2026-05-21_29c06ed80e5a,2019-07-22,put_credit_spread,SPY,,,,13.529999732971191,,,,0.0,False,missing_candidate_legs
sim_2019-02-09_2026-05-21_29c06ed80e5a,2019-07-23,short_straddle,SPY,,,,12.609999656677246,,,,0.0,False,missing_candidate_legs
sim_2019-02-09_2026-05-21_29c06ed80e5a,2019-07-23,put_credit_spread,SPY,,,,12.609999656677246,,,,0.0,False,missing_candidate_legs
sim_2019-02-09_2026-05-21_29c06ed80e5a,2019-07-24,short_straddle,SPY,,,,12.06999969482422,,,,0.0,False,missing_candidate_legs
sim_2019-02-09_2026-05-21_29c06ed80e5a,2019-07-24,put_credit_spread,SPY,,,,12.06999969482422,,,,0.0,False,missing_candidate_legs
sim_2019-02-09_2026-05-21_29c06ed80e5a,2019-07-25,short_straddle,SPY,,,,12.739999771118164,,,,0.0,False,missing_candidate_legs
sim_2019-02-09_2026-05-21_29c06ed80e5a,2019-07-25,put_credit_spread,SPY,,,,12.739999771118164,,,,0.0,False,missing_candidate_legs
sim_2019-02-09_2026-05-21_29c06ed80e5a,2019-07-26,short_straddle,SPY,,,,12.15999984741211,,,,0.0,False,missing_candidate_legs
sim_2019-02-09_2026-05-21_29c06ed80e5a,2019-07-26,put_credit_spread,SPY,,,,12.15999984741211,,,,0.0,False,missing_candidate_legs
sim_2019-02-09_2026-05-21_29c06ed80e5a,2019-07-29,short_straddle,SPY,,,,12.829999923706056,,,,0.0,False,missing_candidate_legs
sim_2019-02-09_2026-05-21_29c06ed80e5a,2019-07-29,put_credit_spread,SPY,,,,12.829999923706056,,,,0.0,False,missing_candidate_legs
sim_2019-02-09_2026-05-21_29c06ed80e5a,2019-07-30,short_straddle,SPY,,,,13.9399995803833,,,,0.0,False,missing_candidate_legs
sim_2019-02-09_2026-05-21_29c06ed80e5a,2019-07-30,put_credit_spread,SPY,,,,13.9399995803833,,,,0.0,False,missing_candidate_legs
sim_2019-02-09_2026-05-21_29c06ed80e5a,2019-07-31,short_straddle,SPY,,,,16.1200008392334,,,,0.0,False,missing_candidate_legs
sim_2019-02-09_2026-05-21_29c06ed80e5a,2019-07-31,put_credit_spread,SPY,,,,16.1200008392334,,,,0.0,False,missing_candidate_legs
sim_2019-02-09_2026-05-21_29c06ed80e5a,2019-08-01,short_straddle,SPY,,,,17.8700008392334,,,,0.0,False,missing_candidate_legs
sim_2019-02-09_2026-05-21_29c06ed80e5a,2019-08-01,put_credit_spread,SPY,,,,17.8700008392334,,,,0.0,False,missing_candidate_legs
sim_2019-02-09_2026-05-21_29c06ed80e5a,2019-08-02,short_straddle,SPY,,,,17.610000610351562,,,,0.0,False,missing_candidate_legs
sim_2019-02-09_2026-05-21_29c06ed80e5a,2019-08-02,put_credit_spread,SPY,,,,17.610000610351562,,,,0.0,False,missing_candidate_legs
sim_2019-02-09_2026-05-21_29c06ed80e5a,2019-08-05,short_straddle,SPY,,,,24.59000015258789,,,,0.0,False,missing_candidate_legs
sim_2019-02-09_2026-05-21_29c06ed80e5a,2019-08-05,put_credit_spread,SPY,,,,24.59000015258789,,,,0.0,False,missing_candidate_legs
sim_2019-02-09_2026-05-21_29c06ed80e5a,2019-08-06,short_straddle,SPY,,,,20.170000076293945,,,,0.0,False,missing_candidate_legs
sim_2019-02-09_2026-05-21_29c06ed80e5a,2019-08-06,put_credit_spread,SPY,,,,20.170000076293945,,,,0.0,False,missing_candidate_legs
sim_2019-02-09_2026-05-21_29c06ed80e5a,2019-08-07,short_straddle,SPY,,,,19.489999771118164,,,,0.0,False,missing_candidate_legs
sim_2019-02-09_2026-05-21_29c06ed80e5a,2019-08-07,put_credit_spread,SPY,,,,19.489999771118164,,,,0.0,False,missing_candidate_legs
sim_2019-02-09_2026-05-21_29c06ed80e5a,2019-08-08,short_straddle,SPY,,,,16.90999984741211,,,,0.0,False,missing_candidate_legs
sim_2019-02-09_2026-05-21_29c06ed80e5a,2019-08-08,put_credit_spread,SPY,,,,16.90999984741211,,,,0.0,False,missing_candidate_legs
sim_2019-02-09_2026-05-21_29c06ed80e5a,2019-08-09,short_straddle,SPY,,,,17.969999313354492,,,,0.0,False,missing_candidate_legs
sim_2019-02-09_2026-05-21_29c06ed80e5a,2019-08-09,put_credit_spread,SPY,,,,17.969999313354492,,,,0.0,False,missing_candidate_legs
sim_2019-02-09_2026-05-21_29c06ed80e5a,2019-08-12,short_straddle,SPY,,,,21.09000015258789,,,,0.0,False,missing_candidate_legs
sim_2019-02-09_2026-05-21_29c06ed80e5a,2019-08-12,put_credit_spread,SPY,,,,21.09000015258789,,,,0.0,False,missing_candidate_legs
sim_2019-02-09_2026-05-21_29c06ed80e5a,2019-08-13,short_straddle,SPY,,,,17.520000457763672,,,,0.0,False,missing_candidate_legs
sim_2019-02-09_2026-05-21_29c06ed80e5a,2019-08-13,put_credit_spread,SPY,,,,17.520000457763672,,,,0.0,False,missing_candidate_legs
sim_2019-02-09_2026-05-21_29c06ed80e5a,2019-08-14,short_straddle,SPY,,,,22.100000381469727,,,,0.0,False,missing_candidate_legs
sim_2019-02-09_2026-05-21_29c06ed80e5a,2019-08-14,put_credit_spread,SPY,,,,22.100000381469727,,,,0.0,False,missing_candidate_legs
sim_2019-02-09_2026-05-21_29c06ed80e5a,2019-08-15,short_straddle,SPY,,,,21.18000030517578,,,,0.0,False,missing_candidate_legs
sim_2019-02-09_2026-05-21_29c06ed80e5a,2019-08-15,put_credit_spread,SPY,,,,21.18000030517578,,,,0.0,False,missing_candidate_legs
sim_2019-02-09_2026-05-21_29c06ed80e5a,2019-08-16,short_straddle,SPY,,,,18.46999931335449,,,,0.0,False,missing_candidate_legs
sim_2019-02-09_2026-05-21_29c06ed80e5a,2019-08-16,put_credit_spread,SPY,,,,18.46999931335449,,,,0.0,False,missing_candidate_legs
sim_2019-02-09_2026-05-21_29c06ed80e5a,2019-08-19,short_straddle,SPY,,,,16.8799991607666,,,,0.0,False,missing_candidate_legs
sim_2019-02-09_2026-05-21_29c06ed80e5a,2019-08-19,put_credit_spread,SPY,,,,16.8799991607666,,,,0.0,False,missing_candidate_legs
sim_2019-02-09_2026-05-21_29c06ed80e5a,2019-08-20,short_straddle,SPY,,,,17.5,,,,0.0,False,missing_candidate_legs
sim_2019-02-09_2026-05-21_29c06ed80e5a,2019-08-20,put_credit_spread,SPY,,,,17.5,,,,0.0,False,missing_candidate_legs
sim_2019-02-09_2026-05-21_29c06ed80e5a,2019-08-21,short_straddle,SPY,,,,15.800000190734863,,,,0.0,False,missing_candidate_legs
sim_2019-02-09_2026-05-21_29c06ed80e5a,2019-08-21,put_credit_spread,SPY,,,,15.800000190734863,,,,0.0,False,missing_candidate_legs
sim_2019-02-09_2026-05-21_29c06ed80e5a,2019-08-22,short_straddle,SPY,,,,16.68000030517578,,,,0.0,False,missing_candidate_legs
sim_2019-02-09_2026-05-21_29c06ed80e5a,2019-08-22,put_credit_spread,SPY,,,,16.68000030517578,,,,0.0,False,missing_candidate_legs
sim_2019-02-09_2026-05-21_29c06ed80e5a,2019-08-23,short_straddle,SPY,,,,19.8700008392334,,,,0.0,False,missing_candidate_legs
sim_2019-02-09_2026-05-21_29c06ed80e5a,2019-08-23,put_credit_spread,SPY,,,,19.8700008392334,,,,0.0,False,missing_candidate_legs
sim_2019-02-09_2026-05-21_29c06ed80e5a,2019-08-26,short_straddle,SPY,,,,19.31999969482422,,,,0.0,False,missing_candidate_legs
sim_2019-02-09_2026-05-21_29c06ed80e5a,2019-08-26,put_credit_spread,SPY,,,,19.31999969482422,,,,0.0,False,missing_candidate_legs
sim_2019-02-09_2026-05-21_29c06ed80e5a,2019-08-27,short_straddle,SPY,,,,20.309999465942383,,,,0.0,False,missing_candidate_legs
sim_2019-02-09_2026-05-21_29c06ed80e5a,2019-08-27,put_credit_spread,SPY,,,,20.309999465942383,,,,0.0,False,missing_candidate_legs
sim_2019-02-09_2026-05-21_29c06ed80e5a,2019-08-28,short_straddle,SPY,,,,19.350000381469727,,,,0.0,False,missing_candidate_legs
sim_2019-02-09_2026-05-21_29c06ed80e5a,2019-08-28,put_credit_spread,SPY,,,,19.350000381469727,,,,0.0,False,missing_candidate_legs
sim_2019-02-09_2026-05-21_29c06ed80e5a,2019-08-29,short_straddle,SPY,,,,17.8799991607666,,,,0.0,False,missing_candidate_legs
sim_2019-02-09_2026-05-21_29c06ed80e5a,2019-08-29,put_credit_spread,SPY,,,,17.8799991607666,,,,0.0,False,missing_candidate_legs
sim_2019-02-09_2026-05-21_29c06ed80e5a,2019-08-30,short_straddle,SPY,,,,18.979999542236328,,,,0.0,False,missing_candidate_legs
sim_2019-02-09_2026-05-21_29c06ed80e5a,2019-08-30,put_credit_spread,SPY,,,,18.979999542236328,,,,0.0,False,missing_candidate_legs
sim_2019-02-09_2026-05-21_29c06ed80e5a,2019-09-03,short_straddle,SPY,,,,19.65999984741211,,,,0.0,False,missing_candidate_legs
sim_2019-02-09_2026-05-21_29c06ed80e5a,2019-09-03,put_credit_spread,SPY,,,,19.65999984741211,,,,0.0,False,missing_candidate_legs
sim_2019-02-09_2026-05-21_29c06ed80e5a,2019-09-04,short_straddle,SPY,,,,17.329999923706055,,,,0.0,False,missing_candidate_legs
sim_2019-02-09_2026-05-21_29c06ed80e5a,2019-09-04,put_credit_spread,SPY,,,,17.329999923706055,,,,0.0,False,missing_candidate_legs
sim_2019-02-09_2026-05-21_29c06ed80e5a,2019-09-05,short_straddle,SPY,,,,16.270000457763672,,,,0.0,False,missing_candidate_legs
sim_2019-02-09_2026-05-21_29c06ed80e5a,2019-09-05,put_credit_spread,SPY,,,,16.270000457763672,,,,0.0,False,missing_candidate_legs
sim_2019-02-09_2026-05-21_29c06ed80e5a,2019-09-06,short_straddle,SPY,,,,15.0,,,,0.0,False,missing_candidate_legs
sim_2019-02-09_2026-05-21_29c06ed80e5a,2019-09-06,put_credit_spread,SPY,,,,15.0,,,,0.0,False,missing_candidate_legs
sim_2019-02-09_2026-05-21_29c06ed80e5a,2019-09-09,short_straddle,SPY,,,,15.270000457763672,,,,0.0,False,missing_candidate_legs
sim_2019-02-09_2026-05-21_29c06ed80e5a,2019-09-09,put_credit_spread,SPY,,,,15.270000457763672,,,,0.0,False,missing_candidate_legs
sim_2019-02-09_2026-05-21_29c06ed80e5a,2019-09-10,short_straddle,SPY,,,,15.199999809265137,,,,0.0,False,missing_candidate_legs
sim_2019-02-09_2026-05-21_29c06ed80e5a,2019-09-10,put_credit_spread,SPY,,,,15.199999809265137,,,,0.0,False,missing_candidate_legs
sim_2019-02-09_2026-05-21_29c06ed80e5a,2019-09-11,short_straddle,SPY,,,,14.609999656677246,,,,0.0,False,missing_candidate_legs
sim_2019-02-09_2026-05-21_29c06ed80e5a,2019-09-11,put_credit_spread,SPY,,,,14.609999656677246,,,,0.0,False,missing_candidate_legs
sim_2019-02-09_2026-05-21_29c06ed80e5a,2019-09-12,short_straddle,SPY,,,,14.220000267028809,,,,0.0,False,missing_candidate_legs
sim_2019-02-09_2026-05-21_29c06ed80e5a,2019-09-12,put_credit_spread,SPY,,,,14.220000267028809,,,,0.0,False,missing_candidate_legs
sim_2019-02-09_2026-05-21_29c06ed80e5a,2019-09-13,short_straddle,SPY,,,,13.739999771118164,,,,0.0,False,missing_candidate_legs
sim_2019-02-09_2026-05-21_29c06ed80e5a,2019-09-13,put_credit_spread,SPY,,,,13.739999771118164,,,,0.0,False,missing_candidate_legs
sim_2019-02-09_2026-05-21_29c06ed80e5a,2019-09-16,short_straddle,SPY,,,,14.670000076293944,,,,0.0,False,missing_candidate_legs
sim_2019-02-09_2026-05-21_29c06ed80e5a,2019-09-16,put_credit_spread,SPY,,,,14.670000076293944,,,,0.0,False,missing_candidate_legs
sim_2019-02-09_2026-05-21_29c06ed80e5a,2019-09-17,short_straddle,SPY,,,,14.4399995803833,,,,0.0,False,missing_candidate_legs
sim_2019-02-09_2026-05-21_29c06ed80e5a,2019-09-17,put_credit_spread,SPY,,,,14.4399995803833,,,,0.0,False,missing_candidate_legs
sim_2019-02-09_2026-05-21_29c06ed80e5a,2019-09-18,short_straddle,SPY,,,,13.949999809265137,,,,0.0,False,missing_candidate_legs
sim_2019-02-09_2026-05-21_29c06ed80e5a,2019-09-18,put_credit_spread,SPY,,,,13.949999809265137,,,,0.0,False,missing_candidate_legs
sim_2019-02-09_2026-05-21_29c06ed80e5a,2019-09-19,short_straddle,SPY,,,,14.050000190734863,,,,0.0,False,missing_candidate_legs
sim_2019-02-09_2026-05-21_29c06ed80e5a,2019-09-19,put_credit_spread,SPY,,,,14.050000190734863,,,,0.0,False,missing_candidate_legs
sim_2019-02-09_2026-05-21_29c06ed80e5a,2019-09-20,short_straddle,SPY,,,,15.31999969482422,,,,0.0,False,missing_candidate_legs
sim_2019-02-09_2026-05-21_29c06ed80e5a,2019-09-20,put_credit_spread,SPY,,,,15.31999969482422,,,,0.0,False,missing_candidate_legs
sim_2019-02-09_2026-05-21_29c06ed80e5a,2019-09-23,short_straddle,SPY,,,,14.90999984741211,,,,0.0,False,missing_candidate_legs
sim_2019-02-09_2026-05-21_29c06ed80e5a,2019-09-23,put_credit_spread,SPY,,,,14.90999984741211,,,,0.0,False,missing_candidate_legs
sim_2019-02-09_2026-05-21_29c06ed80e5a,2019-09-24,short_straddle,SPY,,,,17.049999237060547,,,,0.0,False,missing_candidate_legs
sim_2019-02-09_2026-05-21_29c06ed80e5a,2019-09-24,put_credit_spread,SPY,,,,17.049999237060547,,,,0.0,False,missing_candidate_legs
sim_2019-02-09_2026-05-21_29c06ed80e5a,2019-09-25,short_straddle,SPY,,,,15.960000038146973,,,,0.0,False,missing_candidate_legs
sim_2019-02-09_2026-05-21_29c06ed80e5a,2019-09-25,put_credit_spread,SPY,,,,15.960000038146973,,,,0.0,False,missing_candidate_legs
sim_2019-02-09_2026-05-21_29c06ed80e5a,2019-09-26,short_straddle,SPY,,,,16.06999969482422,,,,0.0,False,missing_candidate_legs
sim_2019-02-09_2026-05-21_29c06ed80e5a,2019-09-26,put_credit_spread,SPY,,,,16.06999969482422,,,,0.0,False,missing_candidate_legs
sim_2019-02-09_2026-05-21_29c06ed80e5a,2019-09-27,short_straddle,SPY,,,,17.219999313354492,,,,0.0,False,missing_candidate_legs
sim_2019-02-09_2026-05-21_29c06ed80e5a,2019-09-27,put_credit_spread,SPY,,,,17.219999313354492,,,,0.0,False,missing_candidate_legs
sim_2019-02-09_2026-05-21_29c06ed80e5a,2019-09-30,short_straddle,SPY,,,,16.239999771118164,,,,0.0,False,missing_candidate_legs
sim_2019-02-09_2026-05-21_29c06ed80e5a,2019-09-30,put_credit_spread,SPY,,,,16.239999771118164,,,,0.0,False,missing_candidate_legs
sim_2019-02-09_2026-05-21_29c06ed80e5a,2019-10-01,short_straddle,SPY,,,,18.559999465942383,,,,0.0,False,missing_candidate_legs
sim_2019-02-09_2026-05-21_29c06ed80e5a,2019-10-01,put_credit_spread,SPY,,,,18.559999465942383,,,,0.0,False,missing_candidate_legs
sim_2019-02-09_2026-05-21_29c06ed80e5a,2019-10-02,short_straddle,SPY,,,,20.559999465942383,,,,0.0,False,missing_candidate_legs
sim_2019-02-09_2026-05-21_29c06ed80e5a,2019-10-02,put_credit_spread,SPY,,,,20.559999465942383,,,,0.0,False,missing_candidate_legs
sim_2019-02-09_2026-05-21_29c06ed80e5a,2019-10-03,short_straddle,SPY,,,,19.1200008392334,,,,0.0,False,missing_candidate_legs
sim_2019-02-09_2026-05-21_29c06ed80e5a,2019-10-03,put_credit_spread,SPY,,,,19.1200008392334,,,,0.0,False,missing_candidate_legs
sim_2019-02-09_2026-05-21_29c06ed80e5a,2019-10-04,short_straddle,SPY,,,,17.040000915527344,,,,0.0,False,missing_candidate_legs
sim_2019-02-09_2026-05-21_29c06ed80e5a,2019-10-04,put_credit_spread,SPY,,,,17.040000915527344,,,,0.0,False,missing_candidate_legs
sim_2019-02-09_2026-05-21_29c06ed80e5a,2019-10-07,short_straddle,SPY,,,,17.860000610351562,,,,0.0,False,missing_candidate_legs
sim_2019-02-09_2026-05-21_29c06ed80e5a,2019-10-07,put_credit_spread,SPY,,,,17.860000610351562,,,,0.0,False,missing_candidate_legs
sim_2019-02-09_2026-05-21_29c06ed80e5a,2019-10-08,short_straddle,SPY,,,,20.280000686645508,,,,0.0,False,missing_candidate_legs
sim_2019-02-09_2026-05-21_29c06ed80e5a,2019-10-08,put_credit_spread,SPY,,,,20.280000686645508,,,,0.0,False,missing_candidate_legs
sim_2019-02-09_2026-05-21_29c06ed80e5a,2019-10-09,short_straddle,SPY,,,,18.63999938964844,,,,0.0,False,missing_candidate_legs
sim_2019-02-09_2026-05-21_29c06ed80e5a,2019-10-09,put_credit_spread,SPY,,,,18.63999938964844,,,,0.0,False,missing_candidate_legs
sim_2019-02-09_2026-05-21_29c06ed80e5a,2019-10-10,short_straddle,SPY,,,,17.56999969482422,,,,0.0,False,missing_candidate_legs
sim_2019-02-09_2026-05-21_29c06ed80e5a,2019-10-10,put_credit_spread,SPY,,,,17.56999969482422,,,,0.0,False,missing_candidate_legs
sim_2019-02-09_2026-05-21_29c06ed80e5a,2019-10-11,short_straddle,SPY,,,,15.579999923706056,,,,0.0,False,missing_candidate_legs
sim_2019-02-09_2026-05-21_29c06ed80e5a,2019-10-11,put_credit_spread,SPY,,,,15.579999923706056,,,,0.0,False,missing_candidate_legs
sim_2019-02-09_2026-05-21_29c06ed80e5a,2019-10-14,short_straddle,SPY,,,,14.56999969482422,,,,0.0,False,missing_candidate_legs
sim_2019-02-09_2026-05-21_29c06ed80e5a,2019-10-14,put_credit_spread,SPY,,,,14.56999969482422,,,,0.0,False,missing_candidate_legs
sim_2019-02-09_2026-05-21_29c06ed80e5a,2019-10-15,short_straddle,SPY,,,,13.539999961853027,,,,0.0,False,missing_candidate_legs
sim_2019-02-09_2026-05-21_29c06ed80e5a,2019-10-15,put_credit_spread,SPY,,,,13.539999961853027,,,,0.0,False,missing_candidate_legs
sim_2019-02-09_2026-05-21_29c06ed80e5a,2019-10-16,short_straddle,SPY,,,,13.68000030517578,,,,0.0,False,missing_candidate_legs
sim_2019-02-09_2026-05-21_29c06ed80e5a,2019-10-16,put_credit_spread,SPY,,,,13.68000030517578,,,,0.0,False,missing_candidate_legs
sim_2019-02-09_2026-05-21_29c06ed80e5a,2019-10-17,short_straddle,SPY,,,,13.789999961853027,,,,0.0,False,missing_candidate_legs
sim_2019-02-09_2026-05-21_29c06ed80e5a,2019-10-17,put_credit_spread,SPY,,,,13.789999961853027,,,,0.0,False,missing_candidate_legs
sim_2019-02-09_2026-05-21_29c06ed80e5a,2019-10-18,short_straddle,SPY,,,,14.25,,,,0.0,False,missing_candidate_legs
sim_2019-02-09_2026-05-21_29c06ed80e5a,2019-10-18,put_credit_spread,SPY,,,,14.25,,,,0.0,False,missing_candidate_legs
sim_2019-02-09_2026-05-21_29c06ed80e5a,2019-10-21,short_straddle,SPY,,,,14.0,,,,0.0,False,missing_candidate_legs
sim_2019-02-09_2026-05-21_29c06ed80e5a,2019-10-21,put_credit_spread,SPY,,,,14.0,,,,0.0,False,missing_candidate_legs
sim_2019-02-09_2026-05-21_29c06ed80e5a,2019-10-22,short_straddle,SPY,,,,14.460000038146973,,,,0.0,False,missing_candidate_legs
sim_2019-02-09_2026-05-21_29c06ed80e5a,2019-10-22,put_credit_spread,SPY,,,,14.460000038146973,,,,0.0,False,missing_candidate_legs
sim_2019-02-09_2026-05-21_29c06ed80e5a,2019-10-23,short_straddle,SPY,,,,14.010000228881836,,,,0.0,False,missing_candidate_legs
sim_2019-02-09_2026-05-21_29c06ed80e5a,2019-10-23,put_credit_spread,SPY,,,,14.010000228881836,,,,0.0,False,missing_candidate_legs
sim_2019-02-09_2026-05-21_29c06ed80e5a,2019-10-24,short_straddle,SPY,,,,13.710000038146973,,,,0.0,False,missing_candidate_legs
sim_2019-02-09_2026-05-21_29c06ed80e5a,2019-10-24,put_credit_spread,SPY,,,,13.710000038146973,,,,0.0,False,missing_candidate_legs
sim_2019-02-09_2026-05-21_29c06ed80e5a,2019-10-25,short_straddle,SPY,,,,12.649999618530272,,,,0.0,False,missing_candidate_legs
sim_2019-02-09_2026-05-21_29c06ed80e5a,2019-10-25,put_credit_spread,SPY,,,,12.649999618530272,,,,0.0,False,missing_candidate_legs
sim_2019-02-09_2026-05-21_29c06ed80e5a,2019-10-28,short_straddle,SPY,,,,13.109999656677246,,,,0.0,False,missing_candidate_legs
sim_2019-02-09_2026-05-21_29c06ed80e5a,2019-10-28,put_credit_spread,SPY,,,,13.109999656677246,,,,0.0,False,missing_candidate_legs
sim_2019-02-09_2026-05-21_29c06ed80e5a,2019-10-29,short_straddle,SPY,,,,13.199999809265137,,,,0.0,False,missing_candidate_legs
sim_2019-02-09_2026-05-21_29c06ed80e5a,2019-10-29,put_credit_spread,SPY,,,,13.199999809265137,,,,0.0,False,missing_candidate_legs
sim_2019-02-09_2026-05-21_29c06ed80e5a,2019-10-30,short_straddle,SPY,,,,12.329999923706056,,,,0.0,False,missing_candidate_legs
sim_2019-02-09_2026-05-21_29c06ed80e5a,2019-10-30,put_credit_spread,SPY,,,,12.329999923706056,,,,0.0,False,missing_candidate_legs
sim_2019-02-09_2026-05-21_29c06ed80e5a,2019-10-31,short_straddle,SPY,,,,13.220000267028809,,,,0.0,False,missing_candidate_legs
sim_2019-02-09_2026-05-21_29c06ed80e5a,2019-10-31,put_credit_spread,SPY,,,,13.220000267028809,,,,0.0,False,missing_candidate_legs
sim_2019-02-09_2026-05-21_29c06ed80e5a,2019-11-01,short_straddle,SPY,,,,12.300000190734863,,,,0.0,False,missing_candidate_legs
sim_2019-02-09_2026-05-21_29c06ed80e5a,2019-11-01,put_credit_spread,SPY,,,,12.300000190734863,,,,0.0,False,missing_candidate_legs
sim_2019-02-09_2026-05-21_29c06ed80e5a,2019-11-04,short_straddle,SPY,,,,12.829999923706056,,,,0.0,False,missing_candidate_legs
sim_2019-02-09_2026-05-21_29c06ed80e5a,2019-11-04,put_credit_spread,SPY,,,,12.829999923706056,,,,0.0,False,missing_candidate_legs
sim_2019-02-09_2026-05-21_29c06ed80e5a,2019-11-05,short_straddle,SPY,,,,13.100000381469728,,,,0.0,False,missing_candidate_legs
sim_2019-02-09_2026-05-21_29c06ed80e5a,2019-11-05,put_credit_spread,SPY,,,,13.100000381469728,,,,0.0,False,missing_candidate_legs
sim_2019-02-09_2026-05-21_29c06ed80e5a,2019-11-06,short_straddle,SPY,,,,12.619999885559082,,,,0.0,False,missing_candidate_legs
sim_2019-02-09_2026-05-21_29c06ed80e5a,2019-11-06,put_credit_spread,SPY,,,,12.619999885559082,,,,0.0,False,missing_candidate_legs
sim_2019-02-09_2026-05-21_29c06ed80e5a,2019-11-07,short_straddle,SPY,,,,12.729999542236328,,,,0.0,False,missing_candidate_legs
sim_2019-02-09_2026-05-21_29c06ed80e5a,2019-11-07,put_credit_spread,SPY,,,,12.729999542236328,,,,0.0,False,missing_candidate_legs
sim_2019-02-09_2026-05-21_29c06ed80e5a,2019-11-08,short_straddle,SPY,,,,12.06999969482422,,,,0.0,False,missing_candidate_legs
sim_2019-02-09_2026-05-21_29c06ed80e5a,2019-11-08,put_credit_spread,SPY,,,,12.06999969482422,,,,0.0,False,missing_candidate_legs
sim_2019-02-09_2026-05-21_29c06ed80e5a,2019-11-11,short_straddle,SPY,,,,12.6899995803833,,,,0.0,False,missing_candidate_legs
sim_2019-02-09_2026-05-21_29c06ed80e5a,2019-11-11,put_credit_spread,SPY,,,,12.6899995803833,,,,0.0,False,missing_candidate_legs
sim_2019-02-09_2026-05-21_29c06ed80e5a,2019-11-12,short_straddle,SPY,,,,12.68000030517578,,,,0.0,False,missing_candidate_legs
sim_2019-02-09_2026-05-21_29c06ed80e5a,2019-11-12,put_credit_spread,SPY,,,,12.68000030517578,,,,0.0,False,missing_candidate_legs
sim_2019-02-09_2026-05-21_29c06ed80e5a,2019-11-13,short_straddle,SPY,,,,13.0,,,,0.0,False,missing_candidate_legs
sim_2019-02-09_2026-05-21_29c06ed80e5a,2019-11-13,put_credit_spread,SPY,,,,13.0,,,,0.0,False,missing_candidate_legs
sim_2019-02-09_2026-05-21_29c06ed80e5a,2019-11-14,short_straddle,SPY,,,,13.050000190734863,,,,0.0,False,missing_candidate_legs
sim_2019-02-09_2026-05-21_29c06ed80e5a,2019-11-14,put_credit_spread,SPY,,,,13.050000190734863,,,,0.0,False,missing_candidate_legs
sim_2019-02-09_2026-05-21_29c06ed80e5a,2019-11-15,short_straddle,SPY,,,,12.050000190734863,,,,0.0,False,missing_candidate_legs
sim_2019-02-09_2026-05-21_29c06ed80e5a,2019-11-15,put_credit_spread,SPY,,,,12.050000190734863,,,,0.0,False,missing_candidate_legs
sim_2019-02-09_2026-05-21_29c06ed80e5a,2019-11-18,short_straddle,SPY,,,,12.460000038146973,,,,0.0,False,missing_candidate_legs
sim_2019-02-09_2026-05-21_29c06ed80e5a,2019-11-18,put_credit_spread,SPY,,,,12.460000038146973,,,,0.0,False,missing_candidate_legs
sim_2019-02-09_2026-05-21_29c06ed80e5a,2019-11-19,short_straddle,SPY,,,,12.859999656677246,,,,0.0,False,missing_candidate_legs
sim_2019-02-09_2026-05-21_29c06ed80e5a,2019-11-19,put_credit_spread,SPY,,,,12.859999656677246,,,,0.0,False,missing_candidate_legs
sim_2019-02-09_2026-05-21_29c06ed80e5a,2019-11-20,short_straddle,SPY,,,,12.779999732971191,,,,0.0,False,missing_candidate_legs
sim_2019-02-09_2026-05-21_29c06ed80e5a,2019-11-20,put_credit_spread,SPY,,,,12.779999732971191,,,,0.0,False,missing_candidate_legs
sim_2019-02-09_2026-05-21_29c06ed80e5a,2019-11-21,short_straddle,SPY,,,,13.130000114440918,,,,0.0,False,missing_candidate_legs
sim_2019-02-09_2026-05-21_29c06ed80e5a,2019-11-21,put_credit_spread,SPY,,,,13.130000114440918,,,,0.0,False,missing_candidate_legs
sim_2019-02-09_2026-05-21_29c06ed80e5a,2019-11-22,short_straddle,SPY,,,,12.34000015258789,,,,0.0,False,missing_candidate_legs
sim_2019-02-09_2026-05-21_29c06ed80e5a,2019-11-22,put_credit_spread,SPY,,,,12.34000015258789,,,,0.0,False,missing_candidate_legs
sim_2019-02-09_2026-05-21_29c06ed80e5a,2019-11-25,short_straddle,SPY,,,,11.869999885559082,,,,0.0,False,missing_candidate_legs
sim_2019-02-09_2026-05-21_29c06ed80e5a,2019-11-25,put_credit_spread,SPY,,,,11.869999885559082,,,,0.0,False,missing_candidate_legs
sim_2019-02-09_2026-05-21_29c06ed80e5a,2019-11-26,short_straddle,SPY,,,,11.539999961853027,,,,0.0,False,missing_candidate_legs
sim_2019-02-09_2026-05-21_29c06ed80e5a,2019-11-26,put_credit_spread,SPY,,,,11.539999961853027,,,,0.0,False,missing_candidate_legs
sim_2019-02-09_2026-05-21_29c06ed80e5a,2019-11-27,short_straddle,SPY,,,,11.75,,,,0.0,False,missing_candidate_legs
sim_2019-02-09_2026-05-21_29c06ed80e5a,2019-11-27,put_credit_spread,SPY,,,,11.75,,,,0.0,False,missing_candidate_legs
sim_2019-02-09_2026-05-21_29c06ed80e5a,2019-11-29,short_straddle,SPY,,,,12.619999885559082,,,,0.0,False,missing_candidate_legs
sim_2019-02-09_2026-05-21_29c06ed80e5a,2019-11-29,put_credit_spread,SPY,,,,12.619999885559082,,,,0.0,False,missing_candidate_legs
sim_2019-02-09_2026-05-21_29c06ed80e5a,2019-12-02,short_straddle,SPY,,,,14.90999984741211,,,,0.0,False,missing_candidate_legs
sim_2019-02-09_2026-05-21_29c06ed80e5a,2019-12-02,put_credit_spread,SPY,,,,14.90999984741211,,,,0.0,False,missing_candidate_legs
sim_2019-02-09_2026-05-21_29c06ed80e5a,2019-12-03,short_straddle,SPY,,,,15.960000038146973,,,,0.0,False,missing_candidate_legs
sim_2019-02-09_2026-05-21_29c06ed80e5a,2019-12-03,put_credit_spread,SPY,,,,15.960000038146973,,,,0.0,False,missing_candidate_legs
sim_2019-02-09_2026-05-21_29c06ed80e5a,2019-12-04,short_straddle,SPY,,,,14.800000190734863,,,,0.0,False,missing_candidate_legs
sim_2019-02-09_2026-05-21_29c06ed80e5a,2019-12-04,put_credit_spread,SPY,,,,14.800000190734863,,,,0.0,False,missing_candidate_legs
sim_2019-02-09_2026-05-21_29c06ed80e5a,2019-12-05,short_straddle,SPY,,,,14.520000457763672,,,,0.0,False,missing_candidate_legs
sim_2019-02-09_2026-05-21_29c06ed80e5a,2019-12-05,put_credit_spread,SPY,,,,14.520000457763672,,,,0.0,False,missing_candidate_legs
sim_2019-02-09_2026-05-21_29c06ed80e5a,2019-12-06,short_straddle,SPY,,,,13.619999885559082,,,,0.0,False,missing_candidate_legs
sim_2019-02-09_2026-05-21_29c06ed80e5a,2019-12-06,put_credit_spread,SPY,,,,13.619999885559082,,,,0.0,False,missing_candidate_legs
sim_2019-02-09_2026-05-21_29c06ed80e5a,2019-12-09,short_straddle,SPY,,,,15.859999656677246,,,,0.0,False,missing_candidate_legs
sim_2019-02-09_2026-05-21_29c06ed80e5a,2019-12-09,put_credit_spread,SPY,,,,15.859999656677246,,,,0.0,False,missing_candidate_legs
sim_2019-02-09_2026-05-21_29c06ed80e5a,2019-12-10,short_straddle,SPY,,,,15.68000030517578,,,,0.0,False,missing_candidate_legs
sim_2019-02-09_2026-05-21_29c06ed80e5a,2019-12-10,put_credit_spread,SPY,,,,15.68000030517578,,,,0.0,False,missing_candidate_legs
sim_2019-02-09_2026-05-21_29c06ed80e5a,2019-12-11,short_straddle,SPY,,,,14.989999771118164,,,,0.0,False,missing_candidate_legs
sim_2019-02-09_2026-05-21_29c06ed80e5a,2019-12-11,put_credit_spread,SPY,,,,14.989999771118164,,,,0.0,False,missing_candidate_legs
sim_2019-02-09_2026-05-21_29c06ed80e5a,2019-12-12,short_straddle,SPY,,,,13.9399995803833,,,,0.0,False,missing_candidate_legs
sim_2019-02-09_2026-05-21_29c06ed80e5a,2019-12-12,put_credit_spread,SPY,,,,13.9399995803833,,,,0.0,False,missing_candidate_legs
sim_2019-02-09_2026-05-21_29c06ed80e5a,2019-12-13,short_straddle,SPY,,,,12.630000114440918,,,,0.0,False,missing_candidate_legs
sim_2019-02-09_2026-05-21_29c06ed80e5a,2019-12-13,put_credit_spread,SPY,,,,12.630000114440918,,,,0.0,False,missing_candidate_legs
sim_2019-02-09_2026-05-21_29c06ed80e5a,2019-12-16,short_straddle,SPY,,,,12.140000343322754,,,,0.0,False,missing_candidate_legs
sim_2019-02-09_2026-05-21_29c06ed80e5a,2019-12-16,put_credit_spread,SPY,,,,12.140000343322754,,,,0.0,False,missing_candidate_legs
sim_2019-02-09_2026-05-21_29c06ed80e5a,2019-12-17,short_straddle,SPY,,,,12.289999961853027,,,,0.0,False,missing_candidate_legs
sim_2019-02-09_2026-05-21_29c06ed80e5a,2019-12-17,put_credit_spread,SPY,,,,12.289999961853027,,,,0.0,False,missing_candidate_legs
sim_2019-02-09_2026-05-21_29c06ed80e5a,2019-12-18,short_straddle,SPY,,,,12.579999923706056,,,,0.0,False,missing_candidate_legs
sim_2019-02-09_2026-05-21_29c06ed80e5a,2019-12-18,put_credit_spread,SPY,,,,12.579999923706056,,,,0.0,False,missing_candidate_legs
sim_2019-02-09_2026-05-21_29c06ed80e5a,2019-12-19,short_straddle,SPY,,,,12.5,,,,0.0,False,missing_candidate_legs
sim_2019-02-09_2026-05-21_29c06ed80e5a,2019-12-19,put_credit_spread,SPY,,,,12.5,,,,0.0,False,missing_candidate_legs
sim_2019-02-09_2026-05-21_29c06ed80e5a,2019-12-20,short_straddle,SPY,,,,12.510000228881836,,,,0.0,False,missing_candidate_legs
sim_2019-02-09_2026-05-21_29c06ed80e5a,2019-12-20,put_credit_spread,SPY,,,,12.510000228881836,,,,0.0,False,missing_candidate_legs
sim_2019-02-09_2026-05-21_29c06ed80e5a,2019-12-23,short_straddle,SPY,,,,12.609999656677246,,,,0.0,False,missing_candidate_legs
sim_2019-02-09_2026-05-21_29c06ed80e5a,2019-12-23,put_credit_spread,SPY,,,,12.609999656677246,,,,0.0,False,missing_candidate_legs
sim_2019-02-09_2026-05-21_29c06ed80e5a,2019-12-24,short_straddle,SPY,,,,12.670000076293944,,,,0.0,False,missing_candidate_legs
sim_2019-02-09_2026-05-21_29c06ed80e5a,2019-12-24,put_credit_spread,SPY,,,,12.670000076293944,,,,0.0,False,missing_candidate_legs
sim_2019-02-09_2026-05-21_29c06ed80e5a,2019-12-26,short_straddle,SPY,,,,12.649999618530272,,,,0.0,False,missing_candidate_legs
sim_2019-02-09_2026-05-21_29c06ed80e5a,2019-12-26,put_credit_spread,SPY,,,,12.649999618530272,,,,0.0,False,missing_candidate_legs
sim_2019-02-09_2026-05-21_29c06ed80e5a,2019-12-27,short_straddle,SPY,,,,13.43000030517578,,,,0.0,False,missing_candidate_legs
sim_2019-02-09_2026-05-21_29c06ed80e5a,2019-12-27,put_credit_spread,SPY,,,,13.43000030517578,,,,0.0,False,missing_candidate_legs
sim_2019-02-09_2026-05-21_29c06ed80e5a,2019-12-30,short_straddle,SPY,,,,14.81999969482422,,,,0.0,False,missing_candidate_legs
sim_2019-02-09_2026-05-21_29c06ed80e5a,2019-12-30,put_credit_spread,SPY,,,,14.81999969482422,,,,0.0,False,missing_candidate_legs
sim_2019-02-09_2026-05-21_29c06ed80e5a,2019-12-31,short_straddle,SPY,,,,13.779999732971191,,,,0.0,False,missing_candidate_legs
sim_2019-02-09_2026-05-21_29c06ed80e5a,2019-12-31,put_credit_spread,SPY,,,,13.779999732971191,,,,0.0,False,missing_candidate_legs
sim_2019-02-09_2026-05-21_29c06ed80e5a,2020-01-02,short_straddle,SPY,,,,12.470000267028809,,,,0.0,False,missing_candidate_legs
sim_2019-02-09_2026-05-21_29c06ed80e5a,2020-01-02,put_credit_spread,SPY,,,,12.470000267028809,,,,0.0,False,missing_candidate_legs
sim_2019-02-09_2026-05-21_29c06ed80e5a,2020-01-03,short_straddle,SPY,,,,14.020000457763672,,,,0.0,False,missing_candidate_legs
sim_2019-02-09_2026-05-21_29c06ed80e5a,2020-01-03,put_credit_spread,SPY,,,,14.020000457763672,,,,0.0,False,missing_candidate_legs
sim_2019-02-09_2026-05-21_29c06ed80e5a,2020-01-06,short_straddle,SPY,2020-02-03,324.0,,13.850000381469728,0.1153,0.0766,0.0387,1.027327,True,
sim_2019-02-09_2026-05-21_29c06ed80e5a,2020-01-06,put_credit_spread,SPY,2020-02-03,317.0,301.0,13.850000381469728,0.1153,0.0766,0.0387,1.023724,True,
sim_2019-02-09_2026-05-21_29c06ed80e5a,2020-02-03,short_straddle,SPY,2020-03-02,324.0,,17.969999313354492,0.1594,0.1069,0.05249999999999999,1.040807,True,
sim_2019-02-09_2026-05-21_29c06ed80e5a,2020-02-03,put_credit_spread,SPY,2020-03-02,318.0,301.0,17.969999313354492,0.1594,0.1069,0.05249999999999999,1.024431,True,
sim_2019-02-09_2026-05-21_29c06ed80e5a,2020-03-02,short_straddle,SPY,2020-03-30,309.0,,33.41999816894531,0.2885,0.2535,0.034999999999999976,0.966218,True,
sim_2019-02-09_2026-05-21_29c06ed80e5a,2020-03-02,put_credit_spread,SPY,2020-03-30,287.0,265.0,33.41999816894531,0.2885,0.2535,0.034999999999999976,1.004469,True,
sim_2019-02-09_2026-05-21_29c06ed80e5a,2020-03-30,short_straddle,SPY,2020-04-27,262.0,,57.08000183105469,0.4906,0.7879,-0.29730000000000006,0.986056,False,vix_gate_failed
sim_2019-02-09_2026-05-21_29c06ed80e5a,2020-03-30,put_credit_spread,SPY,2020-04-27,246.0,205.0,57.08000183105469,0.4906,0.7879,-0.29730000000000006,0.976138,True,
sim_2019-02-09_2026-05-21_29c06ed80e5a,2020-03-31,short_straddle,SPY,,,,53.540000915527344,,,,0.0,False,missing_candidate_legs
sim_2019-02-09_2026-05-21_29c06ed80e5a,2020-04-01,short_straddle,SPY,2020-04-29,246.0,,57.060001373291016,0.5285,0.7939,-0.2654000000000001,0.986193,False,vix_gate_failed
sim_2019-02-09_2026-05-21_29c06ed80e5a,2020-04-02,short_straddle,SPY,,,,50.90999984741211,,,,0.0,False,missing_candidate_legs
sim_2019-02-09_2026-05-21_29c06ed80e5a,2020-04-03,short_straddle,SPY,2020-05-01,248.0,,46.79999923706055,0.421,0.7998,-0.37879999999999997,0.986465,False,vix_gate_failed
sim_2019-02-09_2026-05-21_29c06ed80e5a,2020-04-06,short_straddle,SPY,2020-05-04,265.0,,45.2400016784668,0.3884,0.825,-0.43659999999999993,0.983494,False,vix_gate_failed
sim_2019-02-09_2026-05-21_29c06ed80e5a,2020-04-07,short_straddle,SPY,,,,46.70000076293945,,,,0.0,False,missing_candidate_legs
sim_2019-02-09_2026-05-21_29c06ed80e5a,2020-04-08,short_straddle,SPY,2020-05-06,274.0,,43.34999847412109,0.3814,0.8296,-0.4482,0.989024,False,vix_gate_failed
sim_2019-02-09_2026-05-21_29c06ed80e5a,2020-04-09,short_straddle,SPY,,,,41.66999816894531,,,,0.0,False,missing_candidate_legs
sim_2019-02-09_2026-05-21_29c06ed80e5a,2020-04-13,short_straddle,SPY,2020-05-11,276.0,,41.16999816894531,0.3667,0.822,-0.4552999999999999,0.987925,False,vix_gate_failed
sim_2019-02-09_2026-05-21_29c06ed80e5a,2020-04-14,short_straddle,SPY,,,,37.7599983215332,,,,0.0,False,missing_candidate_legs
sim_2019-02-09_2026-05-21_29c06ed80e5a,2020-04-15,short_straddle,SPY,2020-05-13,278.0,,40.84000015258789,0.3649,0.8147,-0.4498,0.98959,False,vix_gate_failed
sim_2019-02-09_2026-05-21_29c06ed80e5a,2020-04-16,short_straddle,SPY,,,,40.11000061035156,,,,0.0,False,missing_candidate_legs
sim_2019-02-09_2026-05-21_29c06ed80e5a,2020-04-17,short_straddle,SPY,2020-05-15,287.0,,38.150001525878906,0.3257,0.804,-0.47830000000000006,0.991481,True,
sim_2019-02-09_2026-05-21_29c06ed80e5a,2020-04-27,put_credit_spread,SPY,2020-05-26,276.0,245.0,33.290000915527344,0.2793,0.6439,-0.36460000000000004,0.975038,True,
sim_2019-02-09_2026-05-21_29c06ed80e5a,2020-05-13,short_straddle,SPY,2020-06-10,282.0,,35.279998779296875,0.3139,0.3632,-0.04930000000000001,0.985388,True,
sim_2019-02-09_2026-05-21_29c06ed80e5a,2020-05-26,put_credit_spread,SPY,,,,28.01000022888184,,,,0.0,False,missing_candidate_legs
sim_2019-02-09_2026-05-21_29c06ed80e5a,2020-05-27,put_credit_spread,SPY,2020-06-24,291.0,265.0,27.6200008392334,0.2294,0.2609,-0.03150000000000003,0.983447,True,
sim_2019-02-09_2026-05-21_29c06ed80e5a,2020-06-08,short_straddle,SPY,,,,25.809999465942383,,,,0.0,False,missing_candidate_legs
sim_2019-02-09_2026-05-21_29c06ed80e5a,2020-06-09,short_straddle,SPY,2020-07-06,320.0,,27.56999969482422,0.2083,0.2153,-0.0069999999999999785,0.988759,True,
sim_2019-02-09_2026-05-21_29c06ed80e5a,2020-06-24,put_credit_spread,SPY,2020-07-22,292.0,265.0,33.84000015258789,0.2862,0.267,0.019199999999999995,0.993222,True,
sim_2019-02-09_2026-05-21_29c06ed80e5a,2020-07-06,short_straddle,SPY,2020-08-03,317.0,,27.940000534057617,0.2239,0.2587,-0.0348,0.991001,True,
sim_2019-02-09_2026-05-21_29c06ed80e5a,2020-07-22,put_credit_spread,SPY,2020-08-19,314.0,294.0,24.31999969482422,0.196,0.2486,-0.05259999999999998,0.982856,True,
sim_2019-02-09_2026-05-21_29c06ed80e5a,2020-08-03,short_straddle,SPY,2020-08-31,329.0,,24.280000686645508,0.1963,0.1687,0.027600000000000013,1.019656,True,
sim_2019-02-09_2026-05-21_29c06ed80e5a,2020-08-19,put_credit_spread,SPY,2020-09-16,330.0,305.0,22.540000915527344,0.1804,0.1102,0.0702,1.045681,True,
sim_2019-02-09_2026-05-21_29c06ed80e5a,2020-08-31,short_straddle,SPY,2020-09-28,349.0,,26.40999984741211,0.1934,0.0979,0.09549999999999999,1.078595,True,
sim_2019-02-09_2026-05-21_29c06ed80e5a,2020-09-16,put_credit_spread,SPY,2020-10-14,325.0,305.0,26.040000915527344,0.2109,0.1845,0.026400000000000007,1.000314,True,
sim_2019-02-09_2026-05-21_29c06ed80e5a,2020-09-28,short_straddle,SPY,2020-10-26,334.0,,26.190000534057617,0.2257,0.2129,0.012800000000000006,0.999454,True,
sim_2019-02-09_2026-05-21_29c06ed80e5a,2020-10-14,put_credit_spread,SPY,2020-11-11,335.0,315.0,26.39999961853028,0.2311,0.2344,-0.0032999999999999974,0.975319,True,
sim_2019-02-09_2026-05-21_29c06ed80e5a,2020-10-26,short_straddle,SPY,2020-11-23,340.0,,32.459999084472656,0.2828,0.1828,0.1,1.092076,True,
sim_2019-02-09_2026-05-21_29c06ed80e5a,2020-11-11,put_credit_spread,SPY,2020-12-09,350.0,320.0,23.450000762939453,0.1906,0.2061,-0.015500000000000014,0.985112,True,
sim_2019-02-09_2026-05-21_29c06ed80e5a,2020-11-23,short_straddle,SPY,2020-12-21,357.0,,22.65999984741211,0.1854,0.195,-0.009599999999999997,0.982206,True,
sim_2019-02-09_2026-05-21_29c06ed80e5a,2020-12-09,put_credit_spread,SPY,2021-01-06,350.0,330.0,22.270000457763672,0.1803,0.1864,-0.006100000000000022,0.952783,True,
sim_2019-02-09_2026-05-21_29c06ed80e5a,2020-12-21,short_straddle,SPY,2021-01-19,368.0,,25.15999984741211,0.1967,0.1229,0.07380000000000002,1.051791,True,
sim_2019-02-09_2026-05-21_29c06ed80e5a,2021-01-06,put_credit_spread,SPY,2021-02-03,366.0,336.0,25.06999969482422,0.1964,0.1037,0.09269999999999999,1.033093,True,
sim_2019-02-09_2026-05-21_29c06ed80e5a,2021-01-19,short_straddle,SPY,,,,23.239999771118164,,,,0.0,False,missing_candidate_legs
sim_2019-02-09_2026-05-21_29c06ed80e5a,2021-01-20,short_straddle,SPY,2021-02-17,384.0,,21.57999992370605,0.1697,0.1094,0.06029999999999999,1.051679,True,
sim_2019-02-09_2026-05-21_29c06ed80e5a,2021-02-03,put_credit_spread,SPY,2021-03-03,374.0,344.0,22.90999984741211,0.1796,0.1498,0.02980000000000002,1.012705,True,
sim_2019-02-09_2026-05-21_29c06ed80e5a,2021-02-16,short_straddle,SPY,,,,21.459999084472656,,,,0.0,False,missing_candidate_legs
sim_2019-02-09_2026-05-21_29c06ed80e5a,2021-02-17,short_straddle,SPY,2021-03-17,392.0,,21.5,0.1678,0.1442,0.02360000000000001,1.012906,True,
sim_2019-02-09_2026-05-21_29c06ed80e5a,2021-03-03,put_credit_spread,SPY,2021-03-31,366.0,334.0,26.670000076293945,0.2092,0.1779,0.031299999999999994,1.014623,True,
sim_2019-02-09_2026-05-21_29c06ed80e5a,2021-03-15,short_straddle,SPY,2021-04-12,396.0,,20.030000686645508,0.1515,0.1632,-0.011700000000000016,0.988434,True,
sim_2019-02-09_2026-05-21_29c06ed80e5a,2021-03-31,put_credit_spread,SPY,2021-04-28,380.0,365.0,19.39999961853028,0.1519,0.1678,-0.015899999999999997,0.970364,True,
sim_2019-02-09_2026-05-21_29c06ed80e5a,2021-04-12,short_straddle,SPY,2021-05-10,412.0,,16.90999984741211,0.134,0.1505,-0.016499999999999987,0.985708,True,
sim_2019-02-09_2026-05-21_29c06ed80e5a,2021-04-28,put_credit_spread,SPY,2021-05-26,410.0,385.0,17.280000686645508,0.1404,0.1155,0.02489999999999999,0.998229,True,
sim_2019-02-09_2026-05-21_29c06ed80e5a,2021-05-10,short_straddle,SPY,2021-06-07,418.0,,19.65999984741211,0.1545,0.1013,0.0532,1.038821,True,
sim_2019-02-09_2026-05-21_29c06ed80e5a,2021-05-26,put_credit_spread,SPY,,,,17.360000610351562,,,,0.0,False,missing_candidate_legs
sim_2019-02-09_2026-05-21_29c06ed80e5a,2021-05-27,put_credit_spread,SPY,2021-06-23,411.0,386.0,16.739999771118164,0.1249,0.1303,-0.005400000000000002,0.979042,True,
sim_2019-02-09_2026-05-21_29c06ed80e5a,2021-06-07,short_straddle,SPY,2021-07-06,422.0,,16.420000076293945,0.1165,0.1207,-0.004199999999999995,0.990054,True,
sim_2019-02-09_2026-05-21_29c06ed80e5a,2021-06-23,put_credit_spread,SPY,2021-07-21,415.0,395.0,16.31999969482422,0.1177,0.1259,-0.008200000000000013,0.986065,True,
sim_2019-02-09_2026-05-21_29c06ed80e5a,2021-07-06,short_straddle,SPY,,,,16.440000534057617,,,,0.0,False,missing_candidate_legs
sim_2019-02-09_2026-05-21_29c06ed80e5a,2021-07-07,short_straddle,SPY,2021-08-04,434.0,,16.200000762939453,0.118,0.0839,0.03409999999999999,1.02607,True,
sim_2019-02-09_2026-05-21_29c06ed80e5a,2021-07-21,put_credit_spread,SPY,2021-08-18,426.0,400.0,17.90999984741211,0.133,0.1134,0.019600000000000006,1.003093,True,
sim_2019-02-09_2026-05-21_29c06ed80e5a,2021-08-02,short_straddle,SPY,2021-08-30,438.0,,19.459999084472656,0.144,0.104,0.039999999999999994,1.034036,True,
sim_2019-02-09_2026-05-21_29c06ed80e5a,2021-08-18,put_credit_spread,SPY,2021-09-15,430.0,395.0,21.56999969482422,0.1616,0.105,0.0566,1.038471,True,
sim_2019-02-09_2026-05-21_29c06ed80e5a,2021-08-30,short_straddle,SPY,2021-09-27,452.0,,16.190000534057617,0.1119,0.0897,0.022199999999999998,1.003242,True,
sim_2019-02-09_2026-05-21_29c06ed80e5a,2021-09-15,put_credit_spread,SPY,2021-10-13,439.0,412.0,18.18000030517578,0.1304,0.0804,0.04999999999999999,1.04001,True,
sim_2019-02-09_2026-05-21_29c06ed80e5a,2021-09-27,short_straddle,SPY,2021-10-25,443.0,,18.76000022888184,0.1411,0.1091,0.032,1.019964,True,
sim_2019-02-09_2026-05-21_29c06ed80e5a,2021-10-11,put_credit_spread,SPY,2021-11-08,426.0,400.0,20.0,0.1689,0.1327,0.03619999999999998,1.02135,True,
sim_2019-02-09_2026-05-21_29c06ed80e5a,2021-10-25,short_straddle,SPY,2021-11-22,456.0,,15.239999771118164,0.1187,0.1443,-0.02560000000000001,0.991297,True,
sim_2019-02-09_2026-05-21_29c06ed80e5a,2021-11-08,put_credit_spread,SPY,2021-12-06,460.0,432.0,17.219999313354492,0.1242,0.1216,0.002600000000000005,0.98493,True,
sim_2019-02-09_2026-05-21_29c06ed80e5a,2021-11-22,short_straddle,SPY,2021-12-20,468.0,,19.170000076293945,0.1457,0.077,0.0687,1.045626,True,
sim_2019-02-09_2026-05-21_29c06ed80e5a,2021-12-06,put_credit_spread,SPY,,,,27.18000030517578,,,,0.0,False,missing_candidate_legs
sim_2019-02-09_2026-05-21_29c06ed80e5a,2021-12-07,put_credit_spread,SPY,,,,21.88999938964844,,,,0.0,False,missing_candidate_legs
sim_2019-02-09_2026-05-21_29c06ed80e5a,2021-12-08,put_credit_spread,SPY,2022-01-05,460.0,432.0,19.89999961853028,0.1485,0.1446,0.003899999999999987,0.989894,True,
sim_2019-02-09_2026-05-21_29c06ed80e5a,2021-12-20,short_straddle,SPY,2022-01-18,455.0,,22.8700008392334,0.196,0.164,0.032,1.020839,True,
sim_2019-02-09_2026-05-21_29c06ed80e5a,2022-01-05,put_credit_spread,SPY,2022-02-02,460.0,430.0,19.729999542236328,0.1579,0.1868,-0.02889999999999998,0.981622,True,
sim_2019-02-09_2026-05-21_29c06ed80e5a,2022-01-18,short_straddle,SPY,,,,22.790000915527344,,,,0.0,False,missing_candidate_legs
sim_2019-02-09_2026-05-21_29c06ed80e5a,2022-01-19,short_straddle,SPY,2022-02-16,452.0,,23.850000381469727,0.2065,0.1645,0.04199999999999998,1.0366,True,
sim_2019-02-09_2026-05-21_29c06ed80e5a,2022-01-31,put_credit_spread,SPY,2022-02-28,432.0,405.0,24.82999992370605,0.204,0.1795,0.024499999999999994,1.011007,True,
sim_2019-02-09_2026-05-21_29c06ed80e5a,2022-02-14,short_straddle,SPY,2022-03-14,439.0,,28.32999992370605,0.2389,0.1937,0.04519999999999999,1.033729,True,
sim_2019-02-09_2026-05-21_29c06ed80e5a,2022-02-28,put_credit_spread,SPY,2022-03-28,420.0,382.0,30.14999961853028,0.2473,0.2205,0.02679999999999999,0.988989,True,
sim_2019-02-09_2026-05-21_29c06ed80e5a,2022-03-14,short_straddle,SPY,2022-04-11,416.0,,31.770000457763672,0.2758,0.2361,0.039699999999999985,1.007125,True,
sim_2019-02-09_2026-05-21_29c06ed80e5a,2022-03-28,put_credit_spread,SPY,2022-04-25,447.0,420.0,19.6299991607666,0.1554,0.2321,-0.07669999999999999,0.983064,True,
sim_2019-02-09_2026-05-21_29c06ed80e5a,2022-04-11,short_straddle,SPY,2022-05-09,440.0,,24.3700008392334,0.2087,0.2171,-0.00839999999999999,0.990946,True,
sim_2019-02-09_2026-05-21_29c06ed80e5a,2022-04-25,put_credit_spread,SPY,2022-05-23,412.0,386.0,27.020000457763672,0.2379,0.1979,0.04000000000000001,1.020294,True,
sim_2019-02-09_2026-05-21_29c06ed80e5a,2022-05-09,short_straddle,SPY,2022-06-06,398.0,,34.75,0.3016,0.2713,0.030299999999999994,1.023567,True,
sim_2019-02-09_2026-05-21_29c06ed80e5a,2022-05-23,put_credit_spread,SPY,2022-06-21,381.0,358.0,28.479999542236328,0.26,0.3093,-0.04930000000000001,0.978712,True,
sim_2019-02-09_2026-05-21_29c06ed80e5a,2022-06-06,short_straddle,SPY,2022-07-05,412.0,,25.06999969482422,0.2227,0.3154,-0.0927,0.993611,True,
sim_2019-02-09_2026-05-21_29c06ed80e5a,2022-06-21,put_credit_spread,SPY,,,,30.190000534057617,,,,0.0,False,missing_candidate_legs
sim_2019-02-09_2026-05-21_29c06ed80e5a,2022-06-22,put_credit_spread,SPY,2022-07-20,360.0,336.0,28.950000762939453,0.2648,0.2974,-0.03260000000000002,0.982955,True,
sim_2019-02-09_2026-05-21_29c06ed80e5a,2022-07-05,short_straddle,SPY,,,,27.540000915527344,,,,0.0,False,missing_candidate_legs
sim_2019-02-09_2026-05-21_29c06ed80e5a,2022-07-06,short_straddle,SPY,2022-08-03,384.0,,26.729999542236328,0.2521,0.2799,-0.02779999999999999,0.993869,True,
sim_2019-02-09_2026-05-21_29c06ed80e5a,2022-07-06,put_credit_spread,SPY,2022-08-03,368.0,345.0,26.729999542236328,0.2521,0.2799,-0.02779999999999999,0.988627,True,
sim_2019-02-09_2026-05-21_29c06ed80e5a,2022-08-01,short_straddle,SPY,2022-08-29,411.0,,22.84000015258789,0.202,0.2066,-0.004599999999999993,0.993304,True,
sim_2019-02-09_2026-05-21_29c06ed80e5a,2022-08-03,put_credit_spread,SPY,2022-08-31,406.0,381.0,21.950000762939453,0.1969,0.2015,-0.004600000000000021,0.99353,True,
sim_2019-02-09_2026-05-21_29c06ed80e5a,2022-08-29,short_straddle,SPY,2022-09-26,402.0,,26.209999084472656,0.2336,0.2124,0.021199999999999997,0.992644,True,
sim_2019-02-09_2026-05-21_29c06ed80e5a,2022-08-29,put_credit_spread,SPY,2022-09-26,386.0,360.0,26.209999084472656,0.2336,0.2124,0.021199999999999997,1.006986,True,
sim_2019-02-09_2026-05-21_29c06ed80e5a,2022-09-26,short_straddle,SPY,2022-10-24,364.0,,32.2599983215332,0.2928,0.2196,0.07320000000000002,1.066404,True,
sim_2019-02-09_2026-05-21_29c06ed80e5a,2022-09-26,put_credit_spread,SPY,2022-10-24,350.0,320.0,32.2599983215332,0.2928,0.2196,0.07320000000000002,1.059829,True,
sim_2019-02-09_2026-05-21_29c06ed80e5a,2022-10-24,short_straddle,SPY,2022-11-21,378.0,,29.850000381469727,0.282,0.2879,-0.005900000000000016,0.995755,True,
sim_2019-02-09_2026-05-21_29c06ed80e5a,2022-10-24,put_credit_spread,SPY,2022-11-21,364.0,341.0,29.850000381469727,0.282,0.2879,-0.005900000000000016,0.991198,True,
sim_2019-02-09_2026-05-21_29c06ed80e5a,2022-11-21,short_straddle,SPY,2022-12-16,395.0,,22.36000061035156,0.2168,0.2682,-0.0514,0.997269,True,
sim_2019-02-09_2026-05-21_29c06ed80e5a,2022-11-21,put_credit_spread,SPY,2022-12-16,379.0,363.0,22.36000061035156,0.2168,0.2682,-0.0514,0.995023,True,
sim_2019-02-09_2026-05-21_29c06ed80e5a,2022-12-14,short_straddle,SPY,2023-01-13,399.0,,21.13999938964844,0.1966,0.2479,-0.05130000000000001,0.990262,True,
sim_2019-02-09_2026-05-21_29c06ed80e5a,2022-12-16,put_credit_spread,SPY,2023-01-13,376.0,352.0,22.6200008392334,0.2134,0.2504,-0.037000000000000005,0.992587,True,
sim_2019-02-09_2026-05-21_29c06ed80e5a,2023-01-11,short_straddle,SPY,2023-02-10,395.0,,21.09000015258789,0.2008,0.2037,-0.002899999999999986,0.996206,True,
sim_2019-02-09_2026-05-21_29c06ed80e5a,2023-01-13,put_credit_spread,SPY,2023-02-10,391.0,375.0,18.350000381469727,0.169,0.1822,-0.01319999999999999,0.994125,True,
sim_2019-02-09_2026-05-21_29c06ed80e5a,2023-02-08,short_straddle,SPY,2023-03-10,411.0,,19.6299991607666,0.179,0.1705,0.00849999999999998,1.004282,True,
sim_2019-02-09_2026-05-21_29c06ed80e5a,2023-02-10,put_credit_spread,SPY,2023-03-10,400.0,375.0,20.530000686645508,0.1928,0.1669,0.025900000000000006,1.018678,True,
sim_2019-02-09_2026-05-21_29c06ed80e5a,2023-03-08,short_straddle,SPY,2023-04-06,399.0,,19.11000061035156,0.1804,0.157,0.023400000000000004,1.015295,True,
sim_2019-02-09_2026-05-21_29c06ed80e5a,2023-03-08,put_credit_spread,SPY,2023-04-06,391.0,368.0,19.11000061035156,0.1804,0.157,0.023400000000000004,1.010289,True,
sim_2019-02-09_2026-05-21_29c06ed80e5a,2023-04-04,short_straddle,SPY,,,,19.0,,,,0.0,False,missing_candidate_legs
sim_2019-02-09_2026-05-21_29c06ed80e5a,2023-04-05,short_straddle,SPY,2023-05-05,407.5,,19.07999992370605,0.1737,0.1678,0.005899999999999989,1.002206,True,
sim_2019-02-09_2026-05-21_29c06ed80e5a,2023-04-06,put_credit_spread,SPY,,,,18.39999961853028,,,,0.0,False,missing_candidate_legs
sim_2019-02-09_2026-05-21_29c06ed80e5a,2023-04-10,put_credit_spread,SPY,2023-05-05,401.0,385.0,18.96999931335449,0.1726,0.164,0.008599999999999997,0.998937,True,
sim_2019-02-09_2026-05-21_29c06ed80e5a,2023-05-03,short_straddle,SPY,2023-06-02,408.0,,18.34000015258789,0.162,0.1317,0.030299999999999994,1.023148,True,
sim_2019-02-09_2026-05-21_29c06ed80e5a,2023-05-05,put_credit_spread,SPY,2023-06-02,404.0,380.0,17.190000534057617,0.147,0.1325,0.014499999999999985,1.008204,True,
sim_2019-02-09_2026-05-21_29c06ed80e5a,2023-05-31,short_straddle,SPY,,,,17.940000534057617,,,,0.0,False,missing_candidate_legs
sim_2019-02-09_2026-05-21_29c06ed80e5a,2023-06-01,short_straddle,SPY,,,,15.649999618530272,,,,0.0,False,missing_candidate_legs
sim_2019-02-09_2026-05-21_29c06ed80e5a,2023-06-02,short_straddle,SPY,2023-06-30,428.0,,14.600000381469728,0.1198,0.1426,-0.0228,0.996422,True,
sim_2019-02-09_2026-05-21_29c06ed80e5a,2023-06-02,put_credit_spread,SPY,2023-06-30,419.0,402.0,14.600000381469728,0.1198,0.1426,-0.0228,0.988329,True,
sim_2019-02-09_2026-05-21_29c06ed80e5a,2023-06-28,short_straddle,SPY,2023-07-28,436.0,,13.43000030517578,0.1155,0.1171,-0.0015999999999999903,0.995778,True,
sim_2019-02-09_2026-05-21_29c06ed80e5a,2023-06-30,put_credit_spread,SPY,2023-07-28,434.0,417.0,13.59000015258789,0.1113,0.1142,-0.0029,0.988652,True,
sim_2019-02-09_2026-05-21_29c06ed80e5a,2023-07-26,short_straddle,SPY,2023-08-25,456.0,,13.1899995803833,0.1117,0.0918,0.019899999999999987,1.013932,True,
sim_2019-02-09_2026-05-21_29c06ed80e5a,2023-07-28,put_credit_spread,SPY,2023-08-25,448.0,430.0,13.329999923706056,0.1129,0.0968,0.016100000000000003,1.005113,True,
sim_2019-02-09_2026-05-21_29c06ed80e5a,2023-08-23,short_straddle,SPY,2023-09-22,443.0,,15.979999542236328,0.1395,0.101,0.038500000000000006,1.033566,True,
sim_2019-02-09_2026-05-21_29c06ed80e5a,2023-08-23,put_credit_spread,SPY,2023-09-22,434.0,416.0,15.979999542236328,0.1395,0.101,0.038500000000000006,1.032503,True,
sim_2019-02-09_2026-05-21_29c06ed80e5a,2023-09-20,short_straddle,SPY,2023-10-20,439.0,,15.140000343322754,0.1338,0.1161,0.017700000000000007,1.014706,True,
sim_2019-02-09_2026-05-21_29c06ed80e5a,2023-09-21,put_credit_spread,SPY,,,,17.540000915527344,,,,0.0,False,missing_candidate_legs
sim_2019-02-09_2026-05-21_29c06ed80e5a,2023-09-22,put_credit_spread,SPY,2023-10-20,422.0,405.0,17.200000762939453,0.152,0.1239,0.0281,1.021892,True,
sim_2019-02-09_2026-05-21_29c06ed80e5a,2023-10-18,short_straddle,SPY,2023-11-17,430.0,,19.21999931335449,0.1681,0.1257,0.04239999999999999,1.039986,True,
sim_2019-02-09_2026-05-21_29c06ed80e5a,2023-10-20,put_credit_spread,SPY,2023-11-17,413.0,388.0,21.709999084472656,0.1885,0.1311,0.05740000000000001,1.051652,True,
sim_2019-02-09_2026-05-21_29c06ed80e5a,2023-11-15,short_straddle,SPY,,,,14.18000030517578,,,,0.0,False,missing_candidate_legs
sim_2019-02-09_2026-05-21_29c06ed80e5a,2023-11-16,short_straddle,SPY,2023-12-15,450.0,,14.31999969482422,,,,0.995885,True,
sim_2019-02-09_2026-05-21_29c06ed80e5a,2023-11-17,put_credit_spread,SPY,2023-12-15,442.0,424.0,13.800000190734863,,,,0.99046,True,
sim_2019-02-09_2026-05-21_29c06ed80e5a,2023-12-13,short_straddle,SPY,2024-01-12,470.0,,12.1899995803833,0.1045,0.1047,-0.00020000000000000573,0.991188,True,
sim_2019-02-09_2026-05-21_29c06ed80e5a,2023-12-15,put_credit_spread,SPY,2024-01-12,460.0,451.0,12.279999732971191,0.1042,0.0955,0.0087,0.997771,True,
sim_2019-02-09_2026-05-21_29c06ed80e5a,2024-01-10,short_straddle,SPY,2024-02-09,477.0,,12.6899995803833,0.1104,0.0975,0.012899999999999995,1.007883,True,
sim_2019-02-09_2026-05-21_29c06ed80e5a,2024-01-12,put_credit_spread,SPY,2024-02-09,467.0,450.0,12.699999809265137,0.1087,0.0975,0.011200000000000002,0.999974,True,
sim_2019-02-09_2026-05-21_29c06ed80e5a,2024-02-07,short_straddle,SPY,2024-03-08,498.0,,12.829999923706056,0.1082,0.107,0.0012000000000000066,0.992311,True,
sim_2019-02-09_2026-05-21_29c06ed80e5a,2024-02-09,put_credit_spread,SPY,2024-03-08,491.0,481.0,12.93000030517578,0.1083,0.1074,0.000899999999999998,0.993851,True,
sim_2019-02-09_2026-05-21_29c06ed80e5a,2024-03-06,short_straddle,SPY,2024-04-05,510.0,,14.5,0.1239,0.1226,0.0012999999999999956,0.996465,True,
sim_2019-02-09_2026-05-21_29c06ed80e5a,2024-03-08,put_credit_spread,SPY,2024-04-05,501.0,481.0,14.739999771118164,0.1252,0.1265,-0.0012999999999999956,0.985299,True,
sim_2019-02-09_2026-05-21_29c06ed80e5a,2024-04-03,short_straddle,SPY,2024-04-30,519.0,,14.329999923706056,0.1262,0.1041,0.02210000000000001,1.017234,True,
sim_2019-02-09_2026-05-21_29c06ed80e5a,2024-04-05,put_credit_spread,SPY,2024-05-03,508.0,485.0,16.030000686645508,0.1385,0.0994,0.03910000000000001,1.021016,True,
sim_2019-02-09_2026-05-21_29c06ed80e5a,2024-04-19,put_credit_spread,SPY,2024-05-17,485.0,456.0,18.709999084472656,0.1661,0.1098,0.0563,1.049154,True,
sim_2019-02-09_2026-05-21_29c06ed80e5a,2024-04-29,short_straddle,SPY,2024-05-24,510.0,,14.670000076293944,0.1297,0.1149,0.014800000000000008,1.008332,True,
sim_2019-02-09_2026-05-21_29c06ed80e5a,2024-05-17,put_credit_spread,SPY,2024-06-14,519.0,508.0,11.989999771118164,0.1034,0.1244,-0.02099999999999999,0.993063,True,
sim_2019-02-09_2026-05-21_29c06ed80e5a,2024-05-22,short_straddle,SPY,2024-06-21,530.0,,12.289999961853027,0.1081,0.1207,-0.0126,0.994692,True,
sim_2019-02-09_2026-05-21_29c06ed80e5a,2024-06-14,put_credit_spread,SPY,2024-07-12,532.0,510.0,12.65999984741211,0.1038,0.0843,0.019500000000000003,1.001882,True,
sim_2019-02-09_2026-05-21_29c06ed80e5a,2024-06-20,short_straddle,SPY,,,,13.279999732971191,,,,0.0,False,missing_candidate_legs
sim_2019-02-09_2026-05-21_29c06ed80e5a,2024-06-21,short_straddle,SPY,2024-07-19,545.0,,13.199999809265137,0.1105,0.0803,0.030200000000000005,1.025677,True,
sim_2019-02-09_2026-05-21_29c06ed80e5a,2024-07-12,put_credit_spread,SPY,2024-08-09,549.0,537.5,12.460000038146973,0.1055,0.0771,0.028399999999999995,1.013862,True,
sim_2019-02-09_2026-05-21_29c06ed80e5a,2024-07-17,short_straddle,SPY,2024-08-16,557.0,,14.479999542236328,0.1242,0.0851,0.03910000000000001,1.03398,True,
sim_2019-02-09_2026-05-21_29c06ed80e5a,2024-08-07,put_credit_spread,SPY,,,,27.850000381469727,,,,0.0,False,missing_candidate_legs
sim_2019-02-09_2026-05-21_29c06ed80e5a,2024-08-08,put_credit_spread,SPY,,,,23.790000915527344,,,,0.0,False,missing_candidate_legs
sim_2019-02-09_2026-05-21_29c06ed80e5a,2024-08-09,put_credit_spread,SPY,,,,20.3700008392334,,,,0.0,False,missing_candidate_legs
sim_2019-02-09_2026-05-21_29c06ed80e5a,2024-08-12,put_credit_spread,SPY,2024-09-06,523.0,491.0,20.709999084472656,0.1745,0.1822,-0.007700000000000012,0.982158,True,
sim_2019-02-09_2026-05-21_29c06ed80e5a,2024-08-14,short_straddle,SPY,2024-09-13,544.0,,16.190000534057617,0.1394,0.1878,-0.0484,0.993484,True,
sim_2019-02-09_2026-05-21_29c06ed80e5a,2024-09-06,put_credit_spread,SPY,2024-10-04,520.0,495.0,22.3799991607666,0.1811,0.1915,-0.010399999999999993,0.988138,True,
sim_2019-02-09_2026-05-21_29c06ed80e5a,2024-09-11,short_straddle,SPY,2024-10-11,554.0,,17.690000534057617,0.1506,0.1934,-0.04279999999999998,0.994218,True,
sim_2019-02-09_2026-05-21_29c06ed80e5a,2024-10-04,put_credit_spread,SPY,2024-11-01,562.0,525.0,19.209999084472656,0.1469,0.1261,0.020800000000000013,1.009529,True,
sim_2019-02-09_2026-05-21_29c06ed80e5a,2024-10-09,short_straddle,SPY,2024-11-08,577.0,,20.86000061035156,0.1644,0.1296,0.0348,1.026893,True,
sim_2019-02-09_2026-05-21_29c06ed80e5a,2024-11-01,put_credit_spread,SPY,2024-11-29,560.0,525.0,21.8799991607666,0.1807,0.1004,0.0803,1.071632,True,
sim_2019-02-09_2026-05-21_29c06ed80e5a,2024-11-06,short_straddle,SPY,2024-12-06,591.0,,16.270000457763672,0.1276,0.1268,0.0007999999999999952,0.994357,True,
sim_2019-02-09_2026-05-21_29c06ed80e5a,2024-11-29,put_credit_spread,SPY,2024-12-27,590.0,565.0,13.510000228881836,0.1022,0.1216,-0.0194,0.98563,True,
sim_2019-02-09_2026-05-21_29c06ed80e5a,2024-12-04,short_straddle,SPY,2024-12-31,608.0,,13.449999809265137,0.0988,0.1219,-0.023099999999999996,0.99367,True,
sim_2019-02-09_2026-05-21_29c06ed80e5a,2024-12-27,put_credit_spread,SPY,2025-01-24,583.0,560.0,15.949999809265137,0.1277,0.126,0.001700000000000007,0.98859,True,
sim_2019-02-09_2026-05-21_29c06ed80e5a,2024-12-30,short_straddle,SPY,2025-01-24,588.0,,17.399999618530273,0.1422,0.129,0.01319999999999999,1.0056,True,
sim_2019-02-09_2026-05-21_29c06ed80e5a,2025-01-22,short_straddle,SPY,2025-02-21,606.0,,15.100000381469728,0.1183,0.1524,-0.034100000000000005,0.996853,True,
sim_2019-02-09_2026-05-21_29c06ed80e5a,2025-01-24,put_credit_spread,SPY,2025-02-21,596.0,571.0,14.850000381469728,0.1175,0.1526,-0.03510000000000002,0.991518,True,
sim_2019-02-09_2026-05-21_29c06ed80e5a,2025-02-19,short_straddle,SPY,2025-03-21,613.0,,15.270000457763672,0.1197,0.121,-0.0012999999999999956,0.995836,True,
sim_2019-02-09_2026-05-21_29c06ed80e5a,2025-02-21,put_credit_spread,SPY,2025-03-21,588.0,552.0,18.209999084472656,0.1457,0.1273,0.0184,1.00944,True,
sim_2019-02-09_2026-05-21_29c06ed80e5a,2025-03-19,short_straddle,SPY,2025-04-17,567.0,,19.89999961853028,0.1767,0.1787,-0.0020000000000000018,0.995535,True,
sim_2019-02-09_2026-05-21_29c06ed80e5a,2025-03-19,put_credit_spread,SPY,2025-04-17,556.0,522.0,19.89999961853028,0.1767,0.1787,-0.0020000000000000018,0.990937,True,
sim_2019-02-09_2026-05-21_29c06ed80e5a,2025-04-15,short_straddle,SPY,2025-05-16,538.0,,30.1200008392334,0.254,0.4358,-0.18180000000000002,0.992286,True,
sim_2019-02-09_2026-05-21_29c06ed80e5a,2025-04-15,put_credit_spread,SPY,2025-05-16,516.0,470.0,30.1200008392334,0.254,0.4358,-0.18180000000000002,0.989957,True,
sim_2019-02-09_2026-05-21_29c06ed80e5a,2025-05-14,short_straddle,SPY,2025-06-13,588.0,,18.6200008392334,0.156,0.4457,-0.28969999999999996,0.994277,True,
sim_2019-02-09_2026-05-21_29c06ed80e5a,2025-05-16,put_credit_spread,SPY,2025-06-13,582.0,559.0,17.239999771118164,0.1463,0.4174,-0.2711,0.991259,True,
sim_2019-02-09_2026-05-21_29c06ed80e5a,2025-06-11,short_straddle,SPY,2025-07-11,601.0,,17.260000228881836,0.1414,0.1455,-0.0040999999999999925,0.993794,True,
sim_2019-02-09_2026-05-21_29c06ed80e5a,2025-06-13,put_credit_spread,SPY,2025-07-11,585.0,550.0,20.81999969482422,0.1644,0.1504,0.013999999999999985,1.000027,True,
sim_2019-02-09_2026-05-21_29c06ed80e5a,2025-07-09,short_straddle,SPY,2025-08-08,624.0,,15.9399995803833,0.1337,0.1085,0.025200000000000014,1.022067,True,
sim_2019-02-09_2026-05-21_29c06ed80e5a,2025-07-11,put_credit_spread,SPY,2025-08-08,611.0,586.0,16.399999618530273,0.1377,0.0926,0.04509999999999999,1.03625,True,
sim_2019-02-09_2026-05-21_29c06ed80e5a,2025-07-28,put_credit_spread,SPY,2025-08-22,624.0,599.0,15.029999732971191,0.124,0.0888,0.035199999999999995,1.027241,True,
sim_2019-02-09_2026-05-21_29c06ed80e5a,2025-08-06,short_straddle,SPY,2025-09-05,633.0,,16.770000457763672,0.1348,0.094,0.0408,1.037153,True,
sim_2019-02-09_2026-05-21_29c06ed80e5a,2025-08-22,put_credit_spread,SPY,2025-09-19,632.0,607.0,14.220000267028809,0.1164,0.1026,0.013800000000000007,1.008018,True,
sim_2019-02-09_2026-05-21_29c06ed80e5a,2025-09-03,short_straddle,SPY,2025-09-30,644.0,,16.350000381469727,0.1299,0.1076,0.022299999999999986,1.017697,True,
sim_2019-02-09_2026-05-21_29c06ed80e5a,2025-09-19,put_credit_spread,SPY,2025-10-17,650.0,624.0,15.449999809265137,0.1257,0.0833,0.04240000000000001,1.034511,True,
sim_2019-02-09_2026-05-21_29c06ed80e5a,2025-09-29,short_straddle,SPY,2025-10-24,664.0,,16.1200008392334,0.1316,0.0821,0.04949999999999999,1.04544,True,
sim_2019-02-09_2026-05-21_29c06ed80e5a,2025-10-17,put_credit_spread,SPY,2025-11-14,644.0,600.0,20.780000686645508,0.1684,0.1114,0.056999999999999995,1.045561,True,
sim_2019-02-09_2026-05-21_29c06ed80e5a,2025-10-20,put_credit_spread,SPY,2025-11-14,658.0,620.0,18.229999542236328,0.1466,0.1147,0.03190000000000001,1.026234,True,
sim_2019-02-09_2026-05-21_29c06ed80e5a,2025-10-22,short_straddle,SPY,2025-11-21,668.0,,18.600000381469727,0.1516,0.1159,0.03570000000000001,1.030484,True,
sim_2019-02-09_2026-05-21_29c06ed80e5a,2025-11-14,put_credit_spread,SPY,2025-12-12,658.0,620.0,19.82999992370605,0.1685,0.1464,0.02210000000000001,1.011498,True,
sim_2019-02-09_2026-05-21_29c06ed80e5a,2025-11-19,short_straddle,SPY,2025-12-19,663.0,,23.65999984741211,0.1963,0.1494,0.0469,1.043878,True,
sim_2019-02-09_2026-05-21_29c06ed80e5a,2025-12-12,put_credit_spread,SPY,2026-01-09,668.0,640.0,15.739999771118164,0.1272,0.1289,-0.0016999999999999793,0.990806,True,
sim_2019-02-09_2026-05-21_29c06ed80e5a,2025-12-17,short_straddle,SPY,2026-01-16,671.0,,17.6200008392334,0.1478,0.1281,0.019699999999999995,1.006411,True,
sim_2019-02-09_2026-05-21_29c06ed80e5a,2026-01-09,put_credit_spread,SPY,2026-02-06,680.0,650.0,14.489999771118164,0.1191,0.0818,0.0373,1.031448,True,
sim_2019-02-09_2026-05-21_29c06ed80e5a,2026-01-14,short_straddle,SPY,2026-02-13,690.0,,16.75,0.1356,0.0792,0.05639999999999999,1.048462,True,
sim_2019-02-09_2026-05-21_29c06ed80e5a,2026-02-05,put_credit_spread,SPY,2026-03-06,657.0,610.0,21.770000457763672,0.185,0.1016,0.0834,1.072787,True,
sim_2019-02-09_2026-05-21_29c06ed80e5a,2026-02-11,short_straddle,SPY,2026-03-13,692.0,,17.649999618530273,0.1477,0.1156,0.032100000000000004,1.028628,True,
sim_2019-02-09_2026-05-21_29c06ed80e5a,2026-03-06,put_credit_spread,SPY,2026-04-02,650.0,605.0,29.489999771118164,0.2287,0.1197,0.10899999999999999,1.09921,True,
sim_2019-02-09_2026-05-21_29c06ed80e5a,2026-03-11,short_straddle,SPY,2026-04-10,676.0,,24.229999542236328,0.1956,0.1209,0.0747,1.068422,True,
sim_2019-02-09_2026-05-21_29c06ed80e5a,2026-04-02,put_credit_spread,SPY,2026-04-30,636.0,590.0,23.8700008392334,0.2058,0.1673,0.038500000000000006,1.027972,True,
sim_2019-02-09_2026-05-21_29c06ed80e5a,2026-04-08,short_straddle,SPY,2026-05-08,676.0,,21.040000915527344,0.1735,0.1798,-0.0063,0.995773,True,
sim_2019-02-09_2026-05-21_29c06ed80e5a,2026-04-30,put_credit_spread,SPY,2026-05-29,697.0,661.0,16.889999389648438,0.1443,0.1673,-0.022999999999999993,0.990655,True,
sim_2019-02-09_2026-05-21_29c06ed80e5a,2026-05-06,short_straddle,SPY,2026-06-05,734.0,,17.389999389648438,0.1475,0.1575,-0.010000000000000009,0.996188,True,
