run_id,trade_id,date,event_type,event_price,event_qty,fees,slippage,notes
sim_2019-02-09_2026-05-21_29c06ed80e5a,put_credit_spread_SPY_000001,2019-05-10,ENTRY,1.89,2,2.0,0.0945,entry_open
sim_2019-02-09_2026-05-21_29c06ed80e5a,put_credit_spread_SPY_000001,2019-06-07,EXIT,0.0,2,2.0,0.0,EARLY_PROFIT_TARGET
sim_2019-02-09_2026-05-21_29c06ed80e5a,put_credit_spread_SPY_000002,2020-01-06,ENTRY,1.63,2,2.0,0.0815,entry_open
sim_2019-02-09_2026-05-21_29c06ed80e5a,put_credit_spread_SPY_000002,2020-02-03,EXIT,0.0,2,2.0,0.0,EARLY_PROFIT_TARGET
sim_2019-02-09_2026-05-21_29c06ed80e5a,put_credit_spread_SPY_000003,2020-02-03,ENTRY,2.495,2,2.0,0.12475,entry_open
sim_2019-02-09_2026-05-21_29c06ed80e5a,short_straddle_SPY_000004,2020-02-28,ENTRY,24.93,2,2.0,1.2465,entry_open
sim_2019-02-09_2026-05-21_29c06ed80e5a,short_straddle_SPY_000004,2020-03-02,HEDGE,309.089996,5,0.0,0.772725,delta_rebalance
sim_2019-02-09_2026-05-21_29c06ed80e5a,put_credit_spread_SPY_000003,2020-03-02,ROLL,8.910004,2,2.0,0.4455,ITM_NEAR_EXPIRY_ROLL
sim_2019-02-09_2026-05-21_29c06ed80e5a,put_credit_spread_SPY_000005,2020-03-02,ENTRY,2.95,2,2.0,0.1475,entry_open
sim_2019-02-09_2026-05-21_29c06ed80e5a,short_straddle_SPY_000004,2020-03-13,REBALANCE,269.320007,-87,0.0,11.71542,delta_rebalance
sim_2019-02-09_2026-05-21_29c06ed80e5a,short_straddle_SPY_000004,2020-03-16,REBALANCE,239.850006,87,0.0,10.433475,delta_rebalance
sim_2019-02-09_2026-05-21_29c06ed80e5a,short_straddle_SPY_000004,2020-03-25,EXIT,28.73,2,2.0,1.4365,PRE_EXPIRY_CLOSE
sim_2019-02-09_2026-05-21_29c06ed80e5a,short_straddle_SPY_000006,2020-03-25,ENTRY,32.095,2,2.0,1.60475,entry_open
sim_2019-02-09_2026-05-21_29c06ed80e5a,short_straddle_SPY_000006,2020-03-26,HEDGE,261.200012,5,0.0,0.653,delta_rebalance
sim_2019-02-09_2026-05-21_29c06ed80e5a,put_credit_spread_SPY_000005,2020-03-30,ROLL,22.0,2,2.0,1.1,ITM_NEAR_EXPIRY_ROLL
sim_2019-02-09_2026-05-21_29c06ed80e5a,put_credit_spread_SPY_000007,2020-03-30,ENTRY,6.545,2,2.0,0.32725,entry_open
sim_2019-02-09_2026-05-21_29c06ed80e5a,short_straddle_SPY_000006,2020-04-08,REBALANCE,274.029999,66,0.0,9.04299,delta_rebalance
sim_2019-02-09_2026-05-21_29c06ed80e5a,short_straddle_SPY_000006,2020-04-09,REBALANCE,278.200012,-66,0.0,9.1806,delta_rebalance
sim_2019-02-09_2026-05-21_29c06ed80e5a,short_straddle_SPY_000006,2020-04-20,EXIT,30.81,2,2.0,1.5405,PRE_EXPIRY_CLOSE
sim_2019-02-09_2026-05-21_29c06ed80e5a,short_straddle_SPY_000008,2020-04-20,ENTRY,23.27,2,2.0,1.1635,entry_open
sim_2019-02-09_2026-05-21_29c06ed80e5a,short_straddle_SPY_000008,2020-04-21,HEDGE,273.040009,1,0.0,0.13652,delta_rebalance
sim_2019-02-09_2026-05-21_29c06ed80e5a,put_credit_spread_SPY_000007,2020-04-27,EXIT,0.0,2,2.0,0.0,EARLY_PROFIT_TARGET
sim_2019-02-09_2026-05-21_29c06ed80e5a,put_credit_spread_SPY_000009,2020-04-27,ENTRY,4.175,2,2.0,0.20875,entry_open
sim_2019-02-09_2026-05-21_29c06ed80e5a,short_straddle_SPY_000008,2020-05-18,EXIT,13.0,2,2.0,0.65,PRE_EXPIRY_CLOSE
sim_2019-02-09_2026-05-21_29c06ed80e5a,put_credit_spread_SPY_000009,2020-05-26,EXIT,0.0,2,2.0,0.0,EARLY_PROFIT_TARGET
sim_2019-02-09_2026-05-21_29c06ed80e5a,put_credit_spread_SPY_000010,2020-05-27,ENTRY,2.995,2,2.0,0.14975,entry_open
sim_2019-02-09_2026-05-21_29c06ed80e5a,put_credit_spread_SPY_000010,2020-06-24,EXIT,0.0,2,2.0,0.0,EARLY_PROFIT_TARGET
sim_2019-02-09_2026-05-21_29c06ed80e5a,put_credit_spread_SPY_000011,2020-06-24,ENTRY,3.945,2,2.0,0.19725,entry_open
sim_2019-02-09_2026-05-21_29c06ed80e5a,put_credit_spread_SPY_000011,2020-07-22,EXIT,0.0,2,2.0,0.0,EARLY_PROFIT_TARGET
sim_2019-02-09_2026-05-21_29c06ed80e5a,put_credit_spread_SPY_000012,2020-07-22,ENTRY,2.235,2,2.0,0.11175,entry_open
sim_2019-02-09_2026-05-21_29c06ed80e5a,put_credit_spread_SPY_000012,2020-08-19,EXIT,0.0,2,2.0,0.0,EARLY_PROFIT_TARGET
sim_2019-02-09_2026-05-21_29c06ed80e5a,put_credit_spread_SPY_000013,2020-08-19,ENTRY,2.95,2,2.0,0.1475,entry_open
sim_2019-02-09_2026-05-21_29c06ed80e5a,put_credit_spread_SPY_000013,2020-09-16,EXIT,0.0,2,2.0,0.0,EARLY_PROFIT_TARGET
sim_2019-02-09_2026-05-21_29c06ed80e5a,put_credit_spread_SPY_000014,2020-09-16,ENTRY,2.58,2,2.0,0.129,entry_open
sim_2019-02-09_2026-05-21_29c06ed80e5a,put_credit_spread_SPY_000014,2020-10-14,EXIT,0.0,2,2.0,0.0,EARLY_PROFIT_TARGET
sim_2019-02-09_2026-05-21_29c06ed80e5a,put_credit_spread_SPY_000015,2020-10-14,ENTRY,2.995,2,2.0,0.14975,entry_open
sim_2019-02-09_2026-05-21_29c06ed80e5a,short_straddle_SPY_000016,2020-10-28,ENTRY,26.475,2,2.0,1.32375,entry_open
sim_2019-02-09_2026-05-21_29c06ed80e5a,short_straddle_SPY_000016,2020-10-29,HEDGE,329.980011,9,0.0,1.48491,delta_rebalance
sim_2019-02-09_2026-05-21_29c06ed80e5a,put_credit_spread_SPY_000015,2020-11-11,EXIT,0.0,2,2.0,0.0,EARLY_PROFIT_TARGET
sim_2019-02-09_2026-05-21_29c06ed80e5a,put_credit_spread_SPY_000017,2020-11-11,ENTRY,3.775,2,2.0,0.18875,entry_open
sim_2019-02-09_2026-05-21_29c06ed80e5a,short_straddle_SPY_000016,2020-11-23,EXIT,26.475,2,2.0,1.32375,PRE_EXPIRY_CLOSE
sim_2019-02-09_2026-05-21_29c06ed80e5a,put_credit_spread_SPY_000017,2020-12-09,EXIT,0.0,2,2.0,0.0,EARLY_PROFIT_TARGET
sim_2019-02-09_2026-05-21_29c06ed80e5a,put_credit_spread_SPY_000018,2020-12-09,ENTRY,2.06,2,2.0,0.103,entry_open
sim_2019-02-09_2026-05-21_29c06ed80e5a,put_credit_spread_SPY_000018,2021-01-06,EXIT,0.0,2,2.0,0.0,EARLY_PROFIT_TARGET
sim_2019-02-09_2026-05-21_29c06ed80e5a,put_credit_spread_SPY_000019,2021-01-06,ENTRY,3.89,2,2.0,0.1945,entry_open
sim_2019-02-09_2026-05-21_29c06ed80e5a,put_credit_spread_SPY_000019,2021-02-03,EXIT,0.0,2,2.0,0.0,EARLY_PROFIT_TARGET
sim_2019-02-09_2026-05-21_29c06ed80e5a,put_credit_spread_SPY_000020,2021-02-03,ENTRY,3.475,2,2.0,0.17375,entry_open
sim_2019-02-09_2026-05-21_29c06ed80e5a,put_credit_spread_SPY_000020,2021-03-03,EXIT,0.0,2,2.0,0.0,EARLY_PROFIT_TARGET
sim_2019-02-09_2026-05-21_29c06ed80e5a,put_credit_spread_SPY_000021,2021-03-03,ENTRY,3.65,2,2.0,0.1825,entry_open
sim_2019-02-09_2026-05-21_29c06ed80e5a,put_credit_spread_SPY_000021,2021-03-31,EXIT,0.0,2,2.0,0.0,EARLY_PROFIT_TARGET
sim_2019-02-09_2026-05-21_29c06ed80e5a,put_credit_spread_SPY_000022,2021-03-31,ENTRY,1.415,2,2.0,0.07075,entry_open
sim_2019-02-09_2026-05-21_29c06ed80e5a,put_credit_spread_SPY_000022,2021-04-28,EXIT,0.0,2,2.0,0.0,EARLY_PROFIT_TARGET
sim_2019-02-09_2026-05-21_29c06ed80e5a,put_credit_spread_SPY_000023,2021-04-28,ENTRY,2.935,2,2.0,0.14675,entry_open
sim_2019-02-09_2026-05-21_29c06ed80e5a,put_credit_spread_SPY_000023,2021-05-26,EXIT,0.0,2,2.0,0.0,EARLY_PROFIT_TARGET
sim_2019-02-09_2026-05-21_29c06ed80e5a,put_credit_spread_SPY_000024,2021-05-27,ENTRY,2.405,2,2.0,0.12025,entry_open
sim_2019-02-09_2026-05-21_29c06ed80e5a,put_credit_spread_SPY_000024,2021-06-23,EXIT,0.0,2,2.0,0.0,EARLY_PROFIT_TARGET
sim_2019-02-09_2026-05-21_29c06ed80e5a,put_credit_spread_SPY_000025,2021-06-23,ENTRY,2.12,2,2.0,0.106,entry_open
sim_2019-02-09_2026-05-21_29c06ed80e5a,put_credit_spread_SPY_000025,2021-07-21,EXIT,0.0,2,2.0,0.0,EARLY_PROFIT_TARGET
sim_2019-02-09_2026-05-21_29c06ed80e5a,put_credit_spread_SPY_000026,2021-07-21,ENTRY,2.685,2,2.0,0.13425,entry_open
sim_2019-02-09_2026-05-21_29c06ed80e5a,put_credit_spread_SPY_000026,2021-08-18,EXIT,0.0,2,2.0,0.0,EARLY_PROFIT_TARGET
sim_2019-02-09_2026-05-21_29c06ed80e5a,put_credit_spread_SPY_000027,2021-08-18,ENTRY,3.73,2,2.0,0.1865,entry_open
sim_2019-02-09_2026-05-21_29c06ed80e5a,put_credit_spread_SPY_000027,2021-09-15,EXIT,0.0,2,2.0,0.0,EARLY_PROFIT_TARGET
sim_2019-02-09_2026-05-21_29c06ed80e5a,put_credit_spread_SPY_000028,2021-09-15,ENTRY,2.945,2,2.0,0.14725,entry_open
sim_2019-02-09_2026-05-21_29c06ed80e5a,put_credit_spread_SPY_000028,2021-10-11,ROLL,2.945,2,2.0,0.14725,ITM_NEAR_EXPIRY_ROLL
sim_2019-02-09_2026-05-21_29c06ed80e5a,put_credit_spread_SPY_000029,2021-10-11,ENTRY,3.845,2,2.0,0.19225,entry_open
sim_2019-02-09_2026-05-21_29c06ed80e5a,put_credit_spread_SPY_000029,2021-11-08,EXIT,0.0,2,2.0,0.0,EARLY_PROFIT_TARGET
sim_2019-02-09_2026-05-21_29c06ed80e5a,put_credit_spread_SPY_000030,2021-11-08,ENTRY,2.625,2,2.0,0.13125,entry_open
sim_2019-02-09_2026-05-21_29c06ed80e5a,put_credit_spread_SPY_000030,2021-12-06,ROLL,1.209991,2,2.0,0.0605,ITM_NEAR_EXPIRY_ROLL
sim_2019-02-09_2026-05-21_29c06ed80e5a,put_credit_spread_SPY_000031,2021-12-08,ENTRY,3.61,2,2.0,0.1805,entry_open
sim_2019-02-09_2026-05-21_29c06ed80e5a,put_credit_spread_SPY_000031,2022-01-05,EXIT,0.0,2,2.0,0.0,EARLY_PROFIT_TARGET
sim_2019-02-09_2026-05-21_29c06ed80e5a,put_credit_spread_SPY_000032,2022-01-05,ENTRY,3.75,2,2.0,0.1875,entry_open
sim_2019-02-09_2026-05-21_29c06ed80e5a,put_credit_spread_SPY_000032,2022-01-31,ROLL,9.9,2,2.0,0.495,ITM_NEAR_EXPIRY_ROLL
sim_2019-02-09_2026-05-21_29c06ed80e5a,put_credit_spread_SPY_000033,2022-01-31,ENTRY,3.385,2,2.0,0.16925,entry_open
sim_2019-02-09_2026-05-21_29c06ed80e5a,put_credit_spread_SPY_000033,2022-02-28,EXIT,0.0,2,2.0,0.0,EARLY_PROFIT_TARGET
sim_2019-02-09_2026-05-21_29c06ed80e5a,put_credit_spread_SPY_000034,2022-02-28,ENTRY,5.255,2,2.0,0.26275,entry_open
sim_2019-02-09_2026-05-21_29c06ed80e5a,put_credit_spread_SPY_000034,2022-03-28,EXIT,0.0,2,2.0,0.0,EARLY_PROFIT_TARGET
sim_2019-02-09_2026-05-21_29c06ed80e5a,put_credit_spread_SPY_000035,2022-03-28,ENTRY,3.46,2,2.0,0.173,entry_open
sim_2019-02-09_2026-05-21_29c06ed80e5a,put_credit_spread_SPY_000035,2022-04-25,ROLL,18.48999,2,2.0,0.9245,ITM_NEAR_EXPIRY_ROLL
sim_2019-02-09_2026-05-21_29c06ed80e5a,put_credit_spread_SPY_000036,2022-04-25,ENTRY,3.97,2,2.0,0.1985,entry_open
sim_2019-02-09_2026-05-21_29c06ed80e5a,put_credit_spread_SPY_000036,2022-05-23,ROLL,15.079987,2,2.0,0.753999,ITM_NEAR_EXPIRY_ROLL
sim_2019-02-09_2026-05-21_29c06ed80e5a,put_credit_spread_SPY_000037,2022-05-23,ENTRY,3.985,2,2.0,0.19925,entry_open
sim_2019-02-09_2026-05-21_29c06ed80e5a,put_credit_spread_SPY_000037,2022-06-21,ROLL,5.929993,2,2.0,0.2965,ITM_NEAR_EXPIRY_ROLL
sim_2019-02-09_2026-05-21_29c06ed80e5a,put_credit_spread_SPY_000038,2022-06-22,ENTRY,3.74,2,2.0,0.187,entry_open
sim_2019-02-09_2026-05-21_29c06ed80e5a,put_credit_spread_SPY_000038,2022-07-06,EXIT,0.4,2,2.0,0.02,EARLY_PROFIT_TARGET
sim_2019-02-09_2026-05-21_29c06ed80e5a,put_credit_spread_SPY_000039,2022-07-06,ENTRY,3.695,2,2.0,0.18475,entry_open
sim_2019-02-09_2026-05-21_29c06ed80e5a,put_credit_spread_SPY_000039,2022-08-03,EXIT,0.0,2,2.0,0.0,EARLY_PROFIT_TARGET
sim_2019-02-09_2026-05-21_29c06ed80e5a,put_credit_spread_SPY_000040,2022-08-03,ENTRY,4.185,2,2.0,0.20925,entry_open
sim_2019-02-09_2026-05-21_29c06ed80e5a,put_credit_spread_SPY_000040,2022-08-29,ROLL,4.185,2,2.0,0.20925,ITM_NEAR_EXPIRY_ROLL
sim_2019-02-09_2026-05-21_29c06ed80e5a,put_credit_spread_SPY_000041,2022-08-29,ENTRY,3.53,2,2.0,0.1765,entry_open
sim_2019-02-09_2026-05-21_29c06ed80e5a,put_credit_spread_SPY_000041,2022-09-26,ROLL,21.690002,2,2.0,1.0845,ITM_NEAR_EXPIRY_ROLL
sim_2019-02-09_2026-05-21_29c06ed80e5a,put_credit_spread_SPY_000042,2022-09-26,ENTRY,4.855,2,2.0,0.24275,entry_open
sim_2019-02-09_2026-05-21_29c06ed80e5a,put_credit_spread_SPY_000042,2022-10-24,EXIT,0.0,2,2.0,0.0,EARLY_PROFIT_TARGET
sim_2019-02-09_2026-05-21_29c06ed80e5a,put_credit_spread_SPY_000043,2022-10-24,ENTRY,4.1,2,2.0,0.205,entry_open
sim_2019-02-09_2026-05-21_29c06ed80e5a,put_credit_spread_SPY_000043,2022-11-21,EXIT,0.0,2,2.0,0.0,EARLY_PROFIT_TARGET
sim_2019-02-09_2026-05-21_29c06ed80e5a,put_credit_spread_SPY_000044,2022-11-21,ENTRY,2.44,2,2.0,0.122,entry_open
sim_2019-02-09_2026-05-21_29c06ed80e5a,put_credit_spread_SPY_000044,2022-12-16,EXIT,0.0,2,2.0,0.0,EARLY_PROFIT_TARGET
sim_2019-02-09_2026-05-21_29c06ed80e5a,put_credit_spread_SPY_000045,2022-12-16,ENTRY,4.335,2,2.0,0.21675,entry_open
sim_2019-02-09_2026-05-21_29c06ed80e5a,put_credit_spread_SPY_000045,2023-01-13,EXIT,0.0,2,2.0,0.0,EARLY_PROFIT_TARGET
sim_2019-02-09_2026-05-21_29c06ed80e5a,put_credit_spread_SPY_000046,2023-01-13,ENTRY,2.855,2,2.0,0.14275,entry_open
sim_2019-02-09_2026-05-21_29c06ed80e5a,put_credit_spread_SPY_000046,2023-02-10,EXIT,0.0,2,2.0,0.0,EARLY_PROFIT_TARGET
sim_2019-02-09_2026-05-21_29c06ed80e5a,put_credit_spread_SPY_000047,2023-02-10,ENTRY,4.03,2,2.0,0.2015,entry_open
sim_2019-02-09_2026-05-21_29c06ed80e5a,put_credit_spread_SPY_000047,2023-03-08,ROLL,4.03,2,2.0,0.2015,ITM_NEAR_EXPIRY_ROLL
sim_2019-02-09_2026-05-21_29c06ed80e5a,put_credit_spread_SPY_000048,2023-03-08,ENTRY,3.99,2,2.0,0.1995,entry_open
sim_2019-02-09_2026-05-21_29c06ed80e5a,put_credit_spread_SPY_000048,2023-04-06,EXIT,0.0,2,2.0,0.0,EARLY_PROFIT_TARGET
sim_2019-02-09_2026-05-21_29c06ed80e5a,put_credit_spread_SPY_000049,2023-04-10,ENTRY,2.48,2,2.0,0.124,entry_open
sim_2019-02-09_2026-05-21_29c06ed80e5a,put_credit_spread_SPY_000049,2023-05-05,EXIT,0.0,2,2.0,0.0,EARLY_PROFIT_TARGET
sim_2019-02-09_2026-05-21_29c06ed80e5a,put_credit_spread_SPY_000050,2023-05-05,ENTRY,2.78,2,2.0,0.139,entry_open
sim_2019-02-09_2026-05-21_29c06ed80e5a,put_credit_spread_SPY_000050,2023-06-02,EXIT,0.0,2,2.0,0.0,EARLY_PROFIT_TARGET
sim_2019-02-09_2026-05-21_29c06ed80e5a,put_credit_spread_SPY_000051,2023-06-02,ENTRY,1.815,2,2.0,0.09075,entry_open
sim_2019-02-09_2026-05-21_29c06ed80e5a,put_credit_spread_SPY_000051,2023-06-30,EXIT,0.0,2,2.0,0.0,EARLY_PROFIT_TARGET
sim_2019-02-09_2026-05-21_29c06ed80e5a,put_credit_spread_SPY_000052,2023-06-30,ENTRY,1.465,2,2.0,0.07325,entry_open
sim_2019-02-09_2026-05-21_29c06ed80e5a,put_credit_spread_SPY_000052,2023-07-28,EXIT,0.0,2,2.0,0.0,EARLY_PROFIT_TARGET
sim_2019-02-09_2026-05-21_29c06ed80e5a,put_credit_spread_SPY_000053,2023-07-28,ENTRY,1.655,2,2.0,0.08275,entry_open
sim_2019-02-09_2026-05-21_29c06ed80e5a,put_credit_spread_SPY_000053,2023-08-23,ROLL,1.775,2,2.0,0.08875,ITM_NEAR_EXPIRY_ROLL
sim_2019-02-09_2026-05-21_29c06ed80e5a,put_credit_spread_SPY_000054,2023-08-23,ENTRY,2.545,2,2.0,0.12725,entry_open
sim_2019-02-09_2026-05-21_29c06ed80e5a,put_credit_spread_SPY_000054,2023-09-21,ROLL,2.255,2,2.0,0.11275,ITM_NEAR_EXPIRY_ROLL
sim_2019-02-09_2026-05-21_29c06ed80e5a,put_credit_spread_SPY_000055,2023-09-22,ENTRY,2.465,2,2.0,0.12325,entry_open
sim_2019-02-09_2026-05-21_29c06ed80e5a,put_credit_spread_SPY_000055,2023-10-20,ROLL,0.809998,2,2.0,0.0405,ITM_NEAR_EXPIRY_ROLL
sim_2019-02-09_2026-05-21_29c06ed80e5a,put_credit_spread_SPY_000056,2023-10-20,ENTRY,3.8,2,2.0,0.19,entry_open
sim_2019-02-09_2026-05-21_29c06ed80e5a,put_credit_spread_SPY_000056,2023-11-17,EXIT,0.0,2,2.0,0.0,EARLY_PROFIT_TARGET
sim_2019-02-09_2026-05-21_29c06ed80e5a,put_credit_spread_SPY_000057,2023-11-17,ENTRY,1.915,2,2.0,0.09575,entry_open
sim_2019-02-09_2026-05-21_29c06ed80e5a,put_credit_spread_SPY_000057,2023-12-15,EXIT,0.0,2,2.0,0.0,EARLY_PROFIT_TARGET
sim_2019-02-09_2026-05-21_29c06ed80e5a,put_credit_spread_SPY_000058,2023-12-15,ENTRY,0.915,2,2.0,0.04575,entry_open
sim_2019-02-09_2026-05-21_29c06ed80e5a,put_credit_spread_SPY_000058,2024-01-12,EXIT,0.0,2,2.0,0.0,EARLY_PROFIT_TARGET
sim_2019-02-09_2026-05-21_29c06ed80e5a,put_credit_spread_SPY_000059,2024-01-12,ENTRY,1.585,2,2.0,0.07925,entry_open
sim_2019-02-09_2026-05-21_29c06ed80e5a,put_credit_spread_SPY_000059,2024-02-09,EXIT,0.0,2,2.0,0.0,EARLY_PROFIT_TARGET
sim_2019-02-09_2026-05-21_29c06ed80e5a,put_credit_spread_SPY_000060,2024-02-09,ENTRY,1.11,2,2.0,0.0555,entry_open
sim_2019-02-09_2026-05-21_29c06ed80e5a,put_credit_spread_SPY_000060,2024-03-08,EXIT,0.0,2,2.0,0.0,EARLY_PROFIT_TARGET
sim_2019-02-09_2026-05-21_29c06ed80e5a,put_credit_spread_SPY_000061,2024-03-08,ENTRY,2.115,2,2.0,0.10575,entry_open
sim_2019-02-09_2026-05-21_29c06ed80e5a,put_credit_spread_SPY_000061,2024-04-05,EXIT,0.0,2,2.0,0.0,EARLY_PROFIT_TARGET
sim_2019-02-09_2026-05-21_29c06ed80e5a,put_credit_spread_SPY_000062,2024-04-05,ENTRY,2.675,2,2.0,0.13375,entry_open
sim_2019-02-09_2026-05-21_29c06ed80e5a,put_credit_spread_SPY_000062,2024-04-19,EXIT,0.16,2,2.0,0.008,EARLY_PROFIT_TARGET
sim_2019-02-09_2026-05-21_29c06ed80e5a,put_credit_spread_SPY_000063,2024-04-19,ENTRY,3.67,2,2.0,0.1835,entry_open
sim_2019-02-09_2026-05-21_29c06ed80e5a,put_credit_spread_SPY_000063,2024-05-17,EXIT,0.0,2,2.0,0.0,EARLY_PROFIT_TARGET
sim_2019-02-09_2026-05-21_29c06ed80e5a,put_credit_spread_SPY_000064,2024-05-17,ENTRY,1.22,2,2.0,0.061,entry_open
sim_2019-02-09_2026-05-21_29c06ed80e5a,put_credit_spread_SPY_000064,2024-06-14,EXIT,0.0,2,2.0,0.0,EARLY_PROFIT_TARGET
sim_2019-02-09_2026-05-21_29c06ed80e5a,put_credit_spread_SPY_000065,2024-06-14,ENTRY,2.035,2,2.0,0.10175,entry_open
sim_2019-02-09_2026-05-21_29c06ed80e5a,put_credit_spread_SPY_000065,2024-07-12,EXIT,0.0,2,2.0,0.0,EARLY_PROFIT_TARGET
sim_2019-02-09_2026-05-21_29c06ed80e5a,put_credit_spread_SPY_000066,2024-07-12,ENTRY,1.255,2,2.0,0.06275,entry_open
sim_2019-02-09_2026-05-21_29c06ed80e5a,put_credit_spread_SPY_000066,2024-08-07,ROLL,1.255,2,2.0,0.06275,ITM_NEAR_EXPIRY_ROLL
sim_2019-02-09_2026-05-21_29c06ed80e5a,put_credit_spread_SPY_000067,2024-08-12,ENTRY,4.11,2,2.0,0.2055,entry_open
sim_2019-02-09_2026-05-21_29c06ed80e5a,put_credit_spread_SPY_000067,2024-09-06,EXIT,0.0,2,2.0,0.0,EARLY_PROFIT_TARGET
sim_2019-02-09_2026-05-21_29c06ed80e5a,put_credit_spread_SPY_000068,2024-09-06,ENTRY,2.99,2,2.0,0.1495,entry_open
sim_2019-02-09_2026-05-21_29c06ed80e5a,put_credit_spread_SPY_000068,2024-10-04,EXIT,0.0,2,2.0,0.0,EARLY_PROFIT_TARGET
sim_2019-02-09_2026-05-21_29c06ed80e5a,put_credit_spread_SPY_000069,2024-10-04,ENTRY,3.59,2,2.0,0.1795,entry_open
sim_2019-02-09_2026-05-21_29c06ed80e5a,put_credit_spread_SPY_000069,2024-11-01,EXIT,0.0,2,2.0,0.0,EARLY_PROFIT_TARGET
sim_2019-02-09_2026-05-21_29c06ed80e5a,put_credit_spread_SPY_000070,2024-11-01,ENTRY,4.815,2,2.0,0.24075,entry_open
sim_2019-02-09_2026-05-21_29c06ed80e5a,put_credit_spread_SPY_000070,2024-11-29,EXIT,0.0,2,2.0,0.0,EARLY_PROFIT_TARGET
sim_2019-02-09_2026-05-21_29c06ed80e5a,put_credit_spread_SPY_000071,2024-11-29,ENTRY,2.045,2,2.0,0.10225,entry_open
sim_2019-02-09_2026-05-21_29c06ed80e5a,put_credit_spread_SPY_000071,2024-12-27,EXIT,0.0,2,2.0,0.0,EARLY_PROFIT_TARGET
sim_2019-02-09_2026-05-21_29c06ed80e5a,put_credit_spread_SPY_000072,2024-12-27,ENTRY,2.615,2,2.0,0.13075,entry_open
sim_2019-02-09_2026-05-21_29c06ed80e5a,put_credit_spread_SPY_000072,2025-01-24,EXIT,0.0,2,2.0,0.0,EARLY_PROFIT_TARGET
sim_2019-02-09_2026-05-21_29c06ed80e5a,put_credit_spread_SPY_000073,2025-01-24,ENTRY,2.5,2,2.0,0.125,entry_open
sim_2019-02-09_2026-05-21_29c06ed80e5a,put_credit_spread_SPY_000073,2025-02-21,EXIT,0.0,2,2.0,0.0,EARLY_PROFIT_TARGET
sim_2019-02-09_2026-05-21_29c06ed80e5a,put_credit_spread_SPY_000074,2025-02-21,ENTRY,3.935,2,2.0,0.19675,entry_open
sim_2019-02-09_2026-05-21_29c06ed80e5a,put_credit_spread_SPY_000074,2025-03-19,ROLL,3.935,2,2.0,0.19675,ITM_NEAR_EXPIRY_ROLL
sim_2019-02-09_2026-05-21_29c06ed80e5a,put_credit_spread_SPY_000075,2025-03-19,ENTRY,5.255,2,2.0,0.26275,entry_open
sim_2019-02-09_2026-05-21_29c06ed80e5a,short_straddle_SPY_000076,2025-04-04,ENTRY,42.36,2,2.0,2.118,entry_open
sim_2019-02-09_2026-05-21_29c06ed80e5a,short_straddle_SPY_000076,2025-04-07,HEDGE,504.380005,10,0.0,2.5219,delta_rebalance
sim_2019-02-09_2026-05-21_29c06ed80e5a,short_straddle_SPY_000076,2025-04-08,REBALANCE,496.480011,-4,0.0,0.99296,delta_rebalance
sim_2019-02-09_2026-05-21_29c06ed80e5a,put_credit_spread_SPY_000075,2025-04-15,ROLL,49.585,2,2.0,2.47925,ITM_NEAR_EXPIRY_ROLL
sim_2019-02-09_2026-05-21_29c06ed80e5a,put_credit_spread_SPY_000077,2025-04-15,ENTRY,5.735,2,2.0,0.28675,entry_open
sim_2019-02-09_2026-05-21_29c06ed80e5a,short_straddle_SPY_000076,2025-04-30,EXIT,44.04,2,2.0,2.202,PRE_EXPIRY_CLOSE
sim_2019-02-09_2026-05-21_29c06ed80e5a,put_credit_spread_SPY_000077,2025-05-16,EXIT,0.0,2,2.0,0.0,EARLY_PROFIT_TARGET
sim_2019-02-09_2026-05-21_29c06ed80e5a,put_credit_spread_SPY_000078,2025-05-16,ENTRY,3.17,2,2.0,0.1585,entry_open
sim_2019-02-09_2026-05-21_29c06ed80e5a,put_credit_spread_SPY_000078,2025-06-13,EXIT,0.0,2,2.0,0.0,EARLY_PROFIT_TARGET
sim_2019-02-09_2026-05-21_29c06ed80e5a,put_credit_spread_SPY_000079,2025-06-13,ENTRY,4.64,2,2.0,0.232,entry_open
sim_2019-02-09_2026-05-21_29c06ed80e5a,put_credit_spread_SPY_000079,2025-07-11,EXIT,0.0,2,2.0,0.0,EARLY_PROFIT_TARGET
sim_2019-02-09_2026-05-21_29c06ed80e5a,put_credit_spread_SPY_000080,2025-07-11,ENTRY,3.095,2,2.0,0.15475,entry_open
sim_2019-02-09_2026-05-21_29c06ed80e5a,put_credit_spread_SPY_000080,2025-07-28,EXIT,0.4,2,2.0,0.02,EARLY_PROFIT_TARGET
sim_2019-02-09_2026-05-21_29c06ed80e5a,put_credit_spread_SPY_000081,2025-07-28,ENTRY,2.44,2,2.0,0.122,entry_open
sim_2019-02-09_2026-05-21_29c06ed80e5a,put_credit_spread_SPY_000081,2025-08-22,EXIT,0.0,2,2.0,0.0,EARLY_PROFIT_TARGET
sim_2019-02-09_2026-05-21_29c06ed80e5a,put_credit_spread_SPY_000082,2025-08-22,ENTRY,2.655,2,2.0,0.13275,entry_open
sim_2019-02-09_2026-05-21_29c06ed80e5a,put_credit_spread_SPY_000082,2025-09-19,EXIT,0.0,2,2.0,0.0,EARLY_PROFIT_TARGET
sim_2019-02-09_2026-05-21_29c06ed80e5a,put_credit_spread_SPY_000083,2025-09-19,ENTRY,2.77,2,2.0,0.1385,entry_open
sim_2019-02-09_2026-05-21_29c06ed80e5a,put_credit_spread_SPY_000083,2025-10-17,EXIT,0.0,2,2.0,0.0,EARLY_PROFIT_TARGET
sim_2019-02-09_2026-05-21_29c06ed80e5a,put_credit_spread_SPY_000084,2025-10-17,ENTRY,4.93,2,2.0,0.2465,entry_open
sim_2019-02-09_2026-05-21_29c06ed80e5a,put_credit_spread_SPY_000084,2025-10-20,EXIT,0.765,2,2.0,0.03825,EARLY_PROFIT_TARGET
sim_2019-02-09_2026-05-21_29c06ed80e5a,put_credit_spread_SPY_000085,2025-10-20,ENTRY,3.92,2,2.0,0.196,entry_open
sim_2019-02-09_2026-05-21_29c06ed80e5a,put_credit_spread_SPY_000085,2025-11-14,EXIT,0.0,2,2.0,0.0,EARLY_PROFIT_TARGET
sim_2019-02-09_2026-05-21_29c06ed80e5a,put_credit_spread_SPY_000086,2025-11-14,ENTRY,4.845,2,2.0,0.24225,entry_open
sim_2019-02-09_2026-05-21_29c06ed80e5a,put_credit_spread_SPY_000086,2025-12-12,EXIT,0.0,2,2.0,0.0,EARLY_PROFIT_TARGET
sim_2019-02-09_2026-05-21_29c06ed80e5a,put_credit_spread_SPY_000087,2025-12-12,ENTRY,3.33,2,2.0,0.1665,entry_open
sim_2019-02-09_2026-05-21_29c06ed80e5a,put_credit_spread_SPY_000087,2026-01-09,EXIT,0.0,2,2.0,0.0,EARLY_PROFIT_TARGET
sim_2019-02-09_2026-05-21_29c06ed80e5a,put_credit_spread_SPY_000088,2026-01-09,ENTRY,3.015,2,2.0,0.15075,entry_open
sim_2019-02-09_2026-05-21_29c06ed80e5a,put_credit_spread_SPY_000088,2026-02-05,ROLL,3.955,2,2.0,0.19775,ITM_NEAR_EXPIRY_ROLL
sim_2019-02-09_2026-05-21_29c06ed80e5a,put_credit_spread_SPY_000089,2026-02-05,ENTRY,5.525,2,2.0,0.27625,entry_open
sim_2019-02-09_2026-05-21_29c06ed80e5a,put_credit_spread_SPY_000089,2026-03-06,EXIT,0.0,2,2.0,0.0,EARLY_PROFIT_TARGET
sim_2019-02-09_2026-05-21_29c06ed80e5a,put_credit_spread_SPY_000090,2026-03-06,ENTRY,5.63,2,2.0,0.2815,entry_open
sim_2019-02-09_2026-05-21_29c06ed80e5a,put_credit_spread_SPY_000090,2026-04-02,EXIT,0.0,2,2.0,0.0,EARLY_PROFIT_TARGET
sim_2019-02-09_2026-05-21_29c06ed80e5a,put_credit_spread_SPY_000091,2026-04-02,ENTRY,6.195,2,2.0,0.30975,entry_open
sim_2019-02-09_2026-05-21_29c06ed80e5a,put_credit_spread_SPY_000091,2026-04-30,EXIT,0.0,2,2.0,0.0,EARLY_PROFIT_TARGET
sim_2019-02-09_2026-05-21_29c06ed80e5a,put_credit_spread_SPY_000092,2026-04-30,ENTRY,4.665,2,2.0,0.23325,entry_open
