date,symbol,expirations_near_target,target_dte,tolerance,has_target_expiry
2019-02-09,SPY,22,30,5,True
2019-02-16,SPY,22,30,5,True
2019-02-23,SPY,22,30,5,True
2019-03-02,SPY,22,30,5,True
2019-03-09,SPY,22,30,5,True
2019-03-16,SPY,22,30,5,True
2019-03-23,SPY,22,30,5,True
2019-03-30,SPY,22,30,5,True
2019-04-06,SPY,22,30,5,True
2019-04-13,SPY,20,30,5,True
2019-04-20,SPY,22,30,5,True
2019-04-27,SPY,22,30,5,True
2019-05-04,SPY,22,30,5,True
2019-05-10,SPY,22,30,5,True
2019-05-11,SPY,22,30,5,True
2019-05-18,SPY,22,30,5,True
2019-05-25,SPY,42,30,5,True
2019-06-01,SPY,22,30,5,True
2019-06-08,SPY,22,30,5,True
2019-06-15,SPY,22,30,5,True
2019-06-22,SPY,22,30,5,True
2019-06-30,SPY,20,30,5,True
2019-07-06,SPY,22,30,5,True
2019-07-13,SPY,22,30,5,True
2019-07-20,SPY,22,30,5,True
2019-07-27,SPY,22,30,5,True
2019-08-03,SPY,22,30,5,True
2019-08-10,SPY,22,30,5,True
2019-08-17,SPY,22,30,5,True
2019-08-24,SPY,22,30,5,True
2019-08-31,SPY,22,30,5,True
2019-09-07,SPY,20,30,5,True
2019-09-14,SPY,22,30,5,True
2019-09-21,SPY,22,30,5,True
2019-09-28,SPY,22,30,5,True
2019-10-05,SPY,20,30,5,True
2019-10-12,SPY,22,30,5,True
2019-10-19,SPY,22,30,5,True
2019-10-26,SPY,22,30,5,True
2019-11-02,SPY,22,30,5,True
2019-11-09,SPY,22,30,5,True
2019-11-16,SPY,22,30,5,True
2019-11-23,SPY,22,30,5,True
2019-11-30,SPY,22,30,5,True
2019-12-07,SPY,22,30,5,True
2019-12-14,SPY,22,30,5,True
2019-12-21,SPY,22,30,5,True
2019-12-28,SPY,22,30,5,True
2020-01-04,SPY,22,30,5,True
2020-01-06,SPY,20,30,5,True
2020-01-08,SPY,18,30,5,True
2020-01-10,SPY,22,30,5,True
2020-01-13,SPY,20,30,5,True
2020-01-15,SPY,20,30,5,True
2020-01-17,SPY,20,30,5,True
2020-01-20,SPY,20,30,5,True
2020-01-22,SPY,20,30,5,True
2020-01-24,SPY,22,30,5,True
2020-01-27,SPY,20,30,5,True
2020-01-29,SPY,22,30,5,True
2020-01-31,SPY,22,30,5,True
2020-02-03,SPY,22,30,5,True
2020-02-05,SPY,20,30,5,True
2020-02-07,SPY,22,30,5,True
2020-02-10,SPY,20,30,5,True
2020-02-12,SPY,20,30,5,True
2020-02-14,SPY,22,30,5,True
2020-02-19,SPY,20,30,5,True
2020-02-21,SPY,22,30,5,True
2020-02-24,SPY,22,30,5,True
2020-02-26,SPY,22,30,5,True
2020-02-28,SPY,22,30,5,True
2020-03-02,SPY,22,30,5,True
2020-03-04,SPY,22,30,5,True
2020-03-06,SPY,22,30,5,True
2020-03-09,SPY,22,30,5,True
2020-03-11,SPY,22,30,5,True
2020-03-13,SPY,22,30,5,True
2020-03-16,SPY,22,30,5,True
2020-03-18,SPY,26,30,5,True
2020-03-20,SPY,26,30,5,True
2020-03-23,SPY,26,30,5,True
2020-03-25,SPY,26,30,5,True
2020-03-27,SPY,54,30,5,True
2020-03-30,SPY,50,30,5,True
2020-04-01,SPY,54,30,5,True
2020-04-03,SPY,54,30,5,True
2020-04-06,SPY,50,30,5,True
2020-04-08,SPY,42,30,5,True
2020-04-10,SPY,48,30,5,True
2020-04-13,SPY,44,30,5,True
2020-04-15,SPY,46,30,5,True
2020-04-17,SPY,54,30,5,True
2020-04-20,SPY,44,30,5,True
2020-04-22,SPY,48,30,5,True
2020-04-24,SPY,50,30,5,True
2020-04-27,SPY,46,30,5,True
2020-05-01,SPY,54,30,5,True
2020-05-04,SPY,50,30,5,True
2020-05-06,SPY,48,30,5,True
2020-05-08,SPY,50,30,5,True
2020-05-11,SPY,44,30,5,True
2020-05-13,SPY,50,30,5,True
2020-05-15,SPY,52,30,5,True
2020-05-18,SPY,46,30,5,True
2020-05-20,SPY,44,30,5,True
2020-05-22,SPY,54,30,5,True
2020-05-25,SPY,46,30,5,True
2020-05-27,SPY,44,30,5,True
2020-05-29,SPY,48,30,5,True
2020-06-01,SPY,46,30,5,True
2020-06-03,SPY,44,30,5,True
2020-06-05,SPY,46,30,5,True
2020-06-09,SPY,46,30,5,True
2020-06-10,SPY,46,30,5,True
2020-06-12,SPY,52,30,5,True
2020-06-15,SPY,50,30,5,True
2020-06-17,SPY,48,30,5,True
2020-06-19,SPY,54,30,5,True
2020-06-22,SPY,46,30,5,True
2020-06-24,SPY,48,30,5,True
2020-06-26,SPY,54,30,5,True
2020-06-29,SPY,48,30,5,True
2020-07-01,SPY,46,30,5,True
2020-07-03,SPY,50,30,5,True
2020-07-06,SPY,44,30,5,True
2020-07-08,SPY,46,30,5,True
2020-07-10,SPY,48,30,5,True
2020-07-13,SPY,46,30,5,True
2020-07-15,SPY,46,30,5,True
2020-07-17,SPY,46,30,5,True
2020-07-20,SPY,46,30,5,True
2020-07-22,SPY,44,30,5,True
2020-07-24,SPY,54,30,5,True
2020-07-27,SPY,46,30,5,True
2020-07-29,SPY,46,30,5,True
2020-07-31,SPY,48,30,5,True
2020-08-03,SPY,44,30,5,True
2020-08-05,SPY,44,30,5,True
2020-08-07,SPY,46,30,5,True
2020-08-10,SPY,46,30,5,True
2020-08-12,SPY,46,30,5,True
2020-08-14,SPY,48,30,5,True
2020-08-17,SPY,46,30,5,True
2020-08-19,SPY,46,30,5,True
2020-08-21,SPY,54,30,5,True
2020-08-24,SPY,44,30,5,True
2020-08-26,SPY,44,30,5,True
2020-08-28,SPY,46,30,5,True
2020-08-31,SPY,46,30,5,True
2020-09-02,SPY,44,30,5,True
2020-09-04,SPY,50,30,5,True
2020-09-07,SPY,50,30,5,True
2020-09-09,SPY,50,30,5,True
2020-09-11,SPY,52,30,5,True
2020-09-14,SPY,48,30,5,True
2020-09-16,SPY,48,30,5,True
2020-09-18,SPY,54,30,5,True
2020-09-21,SPY,50,30,5,True
2020-09-23,SPY,50,30,5,True
2020-09-25,SPY,54,30,5,True
2020-09-28,SPY,50,30,5,True
2020-09-30,SPY,52,30,5,True
2020-10-02,SPY,52,30,5,True
2020-10-05,SPY,50,30,5,True
2020-10-07,SPY,52,30,5,True
2020-10-09,SPY,50,30,5,True
2020-10-12,SPY,50,30,5,True
2020-10-14,SPY,52,30,5,True
2020-10-16,SPY,50,30,5,True
2020-10-19,SPY,52,30,5,True
2020-10-21,SPY,54,30,5,True
2020-10-23,SPY,54,30,5,True
2020-10-26,SPY,54,30,5,True
2020-10-28,SPY,52,30,5,True
2020-10-30,SPY,54,30,5,True
2020-11-02,SPY,54,30,5,True
2020-11-04,SPY,50,30,5,True
2020-11-06,SPY,50,30,5,True
2020-11-09,SPY,46,30,5,True
2020-11-11,SPY,50,30,5,True
2020-11-13,SPY,52,30,5,True
2020-11-18,SPY,48,30,5,True
2020-11-20,SPY,54,30,5,True
2020-11-23,SPY,48,30,5,True
2020-11-25,SPY,50,30,5,True
2020-11-27,SPY,50,30,5,True
2020-11-30,SPY,54,30,5,True
2020-12-02,SPY,50,30,5,True
2020-12-04,SPY,50,30,5,True
2020-12-07,SPY,52,30,5,True
2020-12-09,SPY,52,30,5,True
2020-12-11,SPY,52,30,5,True
2020-12-16,SPY,52,30,5,True
2020-12-18,SPY,54,30,5,True
2020-12-21,SPY,54,30,5,True
2020-12-23,SPY,48,30,5,True
2020-12-25,SPY,52,30,5,True
2020-12-28,SPY,46,30,5,True
2020-12-30,SPY,46,30,5,True
2021-01-01,SPY,52,30,5,True
2021-01-04,SPY,46,30,5,True
2021-01-06,SPY,46,30,5,True
2021-01-08,SPY,46,30,5,True
2021-01-11,SPY,46,30,5,True
2021-01-13,SPY,48,30,5,True
2021-01-15,SPY,52,30,5,True
2021-01-18,SPY,48,30,5,True
2021-01-20,SPY,46,30,5,True
2021-01-22,SPY,54,30,5,True
2021-01-25,SPY,46,30,5,True
2021-01-27,SPY,48,30,5,True
2021-01-29,SPY,54,30,5,True
2021-02-01,SPY,48,30,5,True
2021-02-03,SPY,46,30,5,True
2021-02-05,SPY,50,30,5,True
2021-02-08,SPY,44,30,5,True
2021-02-10,SPY,46,30,5,True
2021-02-12,SPY,50,30,5,True
2021-02-15,SPY,46,30,5,True
2021-02-17,SPY,46,30,5,True
2021-02-19,SPY,54,30,5,True
2021-02-22,SPY,48,30,5,True
2021-02-24,SPY,46,30,5,True
2021-02-26,SPY,50,30,5,True
2021-03-01,SPY,48,30,5,True
2021-03-03,SPY,52,30,5,True
2021-03-05,SPY,54,30,5,True
2021-03-08,SPY,48,30,5,True
2021-03-10,SPY,46,30,5,True
2021-03-12,SPY,46,30,5,True
2021-03-15,SPY,46,30,5,True
2021-03-17,SPY,46,30,5,True
2021-03-22,SPY,46,30,5,True
2021-03-24,SPY,48,30,5,True
2021-03-26,SPY,46,30,5,True
2021-03-31,SPY,46,30,5,True
2021-04-02,SPY,46,30,5,True
2021-04-05,SPY,44,30,5,True
2021-04-07,SPY,46,30,5,True
2021-04-09,SPY,44,30,5,True
2021-04-12,SPY,46,30,5,True
2021-04-14,SPY,46,30,5,True
2021-04-16,SPY,46,30,5,True
2021-04-19,SPY,44,30,5,True
2021-04-21,SPY,44,30,5,True
2021-04-23,SPY,52,30,5,True
2021-04-26,SPY,46,30,5,True
2021-04-28,SPY,46,30,5,True
2021-04-30,SPY,54,30,5,True
2021-05-03,SPY,46,30,5,True
2021-05-05,SPY,46,30,5,True
2021-05-07,SPY,46,30,5,True
2021-05-10,SPY,46,30,5,True
2021-05-14,SPY,46,30,5,True
2021-05-17,SPY,46,30,5,True
2021-05-21,SPY,54,30,5,True
2021-05-24,SPY,46,30,5,True
2021-05-27,SPY,46,30,5,True
2021-05-28,SPY,46,30,5,True
2021-05-31,SPY,46,30,5,True
2021-06-02,SPY,52,30,5,True
2021-06-04,SPY,50,30,5,True
2021-06-07,SPY,46,30,5,True
2021-06-09,SPY,46,30,5,True
2021-06-11,SPY,44,30,5,True
2021-06-15,SPY,44,30,5,True
2021-06-16,SPY,46,30,5,True
2021-06-18,SPY,54,30,5,True
2021-06-21,SPY,46,30,5,True
2021-06-23,SPY,46,30,5,True
2021-06-25,SPY,52,30,5,True
2021-06-28,SPY,40,30,5,True
2021-06-30,SPY,46,30,5,True
2021-07-02,SPY,46,30,5,True
2021-07-05,SPY,44,30,5,True
2021-07-07,SPY,44,30,5,True
2021-07-09,SPY,46,30,5,True
2021-07-12,SPY,46,30,5,True
2021-07-14,SPY,46,30,5,True
2021-07-16,SPY,46,30,5,True
2021-07-19,SPY,48,30,5,True
2021-07-21,SPY,46,30,5,True
2021-07-23,SPY,54,30,5,True
2021-07-26,SPY,44,30,5,True
2021-07-28,SPY,46,30,5,True
2021-08-02,SPY,46,30,5,True
2021-08-04,SPY,44,30,5,True
2021-08-06,SPY,46,30,5,True
2021-08-09,SPY,44,30,5,True
2021-08-11,SPY,46,30,5,True
2021-08-13,SPY,46,30,5,True
2021-08-16,SPY,44,30,5,True
2021-08-18,SPY,46,30,5,True
2021-08-20,SPY,54,30,5,True
2021-08-23,SPY,42,30,5,True
2021-08-25,SPY,44,30,5,True
2021-08-27,SPY,44,30,5,True
2021-08-30,SPY,44,30,5,True
2021-09-01,SPY,46,30,5,True
2021-09-03,SPY,46,30,5,True
2021-09-06,SPY,46,30,5,True
2021-09-08,SPY,22,30,5,True
2021-09-10,SPY,48,30,5,True
2021-09-13,SPY,40,30,5,True
2021-09-15,SPY,46,30,5,True
2021-09-17,SPY,54,30,5,True
2021-09-20,SPY,46,30,5,True
2021-09-22,SPY,46,30,5,True
2021-09-24,SPY,50,30,5,True
2021-09-27,SPY,44,30,5,True
2021-09-29,SPY,48,30,5,True
2021-10-01,SPY,50,30,5,True
2021-10-04,SPY,48,30,5,True
2021-10-06,SPY,46,30,5,True
2021-10-08,SPY,50,30,5,True
2021-10-11,SPY,46,30,5,True
2021-10-13,SPY,46,30,5,True
2021-10-15,SPY,48,30,5,True
2021-10-18,SPY,44,30,5,True
2021-10-20,SPY,44,30,5,True
2021-10-22,SPY,54,30,5,True
2021-10-25,SPY,44,30,5,True
2021-10-27,SPY,46,30,5,True
2021-10-29,SPY,44,30,5,True
2021-11-01,SPY,44,30,5,True
2021-11-03,SPY,44,30,5,True
2021-11-05,SPY,48,30,5,True
2021-11-08,SPY,44,30,5,True
2021-11-10,SPY,46,30,5,True
2021-11-12,SPY,48,30,5,True
2021-11-15,SPY,46,30,5,True
2021-11-17,SPY,46,30,5,True
2021-11-19,SPY,54,30,5,True
2021-11-22,SPY,46,30,5,True
2021-11-24,SPY,46,30,5,True
2021-11-26,SPY,50,30,5,True
2021-11-29,SPY,46,30,5,True
2021-12-01,SPY,48,30,5,True
2021-12-03,SPY,52,30,5,True
2021-12-08,SPY,44,30,5,True
2021-12-10,SPY,46,30,5,True
2021-12-13,SPY,38,30,5,True
2021-12-15,SPY,38,30,5,True
2021-12-17,SPY,48,30,5,True
2021-12-20,SPY,42,30,5,True
2021-12-22,SPY,44,30,5,True
2021-12-24,SPY,54,30,5,True
2021-12-27,SPY,36,30,5,True
2021-12-29,SPY,40,30,5,True
2021-12-31,SPY,44,30,5,True
2022-01-03,SPY,44,30,5,True
2022-01-05,SPY,38,30,5,True
2022-01-07,SPY,48,30,5,True
2022-01-10,SPY,40,30,5,True
2022-01-12,SPY,34,30,5,True
2022-01-14,SPY,48,30,5,True
2022-01-17,SPY,38,30,5,True
2022-01-19,SPY,38,30,5,True
2022-01-21,SPY,54,30,5,True
2022-01-24,SPY,38,30,5,True
2022-01-26,SPY,50,30,5,True
2022-01-28,SPY,54,30,5,True
2022-01-31,SPY,44,30,5,True
2022-02-02,SPY,42,30,5,True
2022-02-04,SPY,48,30,5,True
2022-02-07,SPY,44,30,5,True
2022-02-09,SPY,44,30,5,True
2022-02-11,SPY,50,30,5,True
2022-02-14,SPY,46,30,5,True
2022-02-16,SPY,44,30,5,True
2022-02-21,SPY,42,30,5,True
2022-02-23,SPY,42,30,5,True
2022-02-25,SPY,50,30,5,True
2022-02-28,SPY,42,30,5,True
2022-03-02,SPY,42,30,5,True
2022-03-04,SPY,52,30,5,True
2022-03-07,SPY,46,30,5,True
2022-03-09,SPY,42,30,5,True
2022-03-11,SPY,54,30,5,True
2022-03-14,SPY,46,30,5,True
2022-03-16,SPY,42,30,5,True
2022-03-18,SPY,54,30,5,True
2022-03-21,SPY,46,30,5,True
2022-03-23,SPY,42,30,5,True
2022-03-25,SPY,48,30,5,True
2022-03-28,SPY,46,30,5,True
2022-03-30,SPY,44,30,5,True
2022-04-01,SPY,48,30,5,True
2022-04-04,SPY,44,30,5,True
2022-04-06,SPY,44,30,5,True
2022-04-08,SPY,48,30,5,True
2022-04-11,SPY,46,30,5,True
2022-04-13,SPY,38,30,5,True
2022-04-15,SPY,50,30,5,True
2022-04-18,SPY,44,30,5,True
2022-04-20,SPY,42,30,5,True
2022-04-22,SPY,54,30,5,True
2022-04-25,SPY,46,30,5,True
2022-04-27,SPY,46,30,5,True
2022-05-02,SPY,48,30,5,True
2022-05-04,SPY,40,30,5,True
2022-05-06,SPY,54,30,5,True
2022-05-09,SPY,46,30,5,True
2022-05-11,SPY,30,30,5,True
2022-05-13,SPY,54,30,5,True
2022-05-16,SPY,42,30,5,True
2022-05-18,SPY,46,30,5,True
2022-05-20,SPY,54,30,5,True
2022-05-23,SPY,54,30,5,True
2022-05-25,SPY,42,30,5,True
2022-05-27,SPY,54,30,5,True
2022-06-01,SPY,48,30,5,True
2022-06-03,SPY,54,30,5,True
2022-06-06,SPY,46,30,5,True
2022-06-08,SPY,38,30,5,True
2022-06-10,SPY,54,30,5,True
2022-06-13,SPY,40,30,5,True
2022-06-15,SPY,36,30,5,True
2022-06-17,SPY,54,30,5,True
2022-06-20,SPY,54,30,5,True
2022-06-22,SPY,44,30,5,True
2022-06-27,SPY,44,30,5,True
2022-06-29,SPY,46,30,5,True
2022-07-01,SPY,54,30,5,True
2022-07-04,SPY,44,30,5,True
2022-07-06,SPY,36,30,5,True
2022-07-08,SPY,54,30,5,True
2022-07-11,SPY,46,30,5,True
2022-07-13,SPY,42,30,5,True
2022-07-15,SPY,54,30,5,True
2022-07-18,SPY,42,30,5,True
2022-07-20,SPY,46,30,5,True
2022-07-22,SPY,54,30,5,True
2022-07-25,SPY,46,30,5,True
2022-07-27,SPY,44,30,5,True
2022-07-29,SPY,46,30,5,True
2022-08-01,SPY,40,30,5,True
2022-08-03,SPY,44,30,5,True
2022-08-05,SPY,46,30,5,True
2022-08-08,SPY,40,30,5,True
2022-08-10,SPY,40,30,5,True
2022-08-12,SPY,44,30,5,True
2022-08-15,SPY,38,30,5,True
2022-08-17,SPY,40,30,5,True
2022-08-19,SPY,54,30,5,True
2022-08-22,SPY,38,30,5,True
2022-08-24,SPY,40,30,5,True
2022-08-26,SPY,50,30,5,True
2022-08-29,SPY,50,30,5,True
2022-08-31,SPY,46,30,5,True
2022-09-02,SPY,54,30,5,True
2022-09-05,SPY,50,30,5,True
2022-09-07,SPY,42,30,5,True
2022-09-09,SPY,50,30,5,True
2022-09-12,SPY,40,30,5,True
2022-09-14,SPY,44,30,5,True
2022-09-16,SPY,54,30,5,True
2022-09-19,SPY,44,30,5,True
2022-09-21,SPY,50,30,5,True
2022-09-23,SPY,54,30,5,True
2022-09-26,SPY,50,30,5,True
2022-09-28,SPY,48,30,5,True
2022-09-30,SPY,54,30,5,True
2022-10-03,SPY,48,30,5,True
2022-10-05,SPY,46,30,5,True
2022-10-07,SPY,54,30,5,True
2022-10-10,SPY,50,30,5,True
2022-10-12,SPY,40,30,5,True
2022-10-14,SPY,54,30,5,True
2022-10-17,SPY,44,30,5,True
2022-10-19,SPY,46,30,5,True
2022-10-24,SPY,40,30,5,True
2022-10-26,SPY,38,30,5,True
2022-10-28,SPY,52,30,5,True
2022-10-31,SPY,46,30,5,True
2022-11-02,SPY,42,30,5,True
2022-11-04,SPY,54,30,5,True
2022-11-07,SPY,40,30,5,True
2022-11-09,SPY,44,30,5,True
2022-11-11,SPY,50,30,5,True
2022-11-14,SPY,44,30,5,True
2022-11-16,SPY,40,30,5,True
2022-11-18,SPY,54,30,5,True
2022-11-21,SPY,54,30,5,True
2022-11-23,SPY,50,30,5,True
2022-11-25,SPY,50,30,5,True
2022-11-28,SPY,52,30,5,True
2022-11-30,SPY,54,30,5,True
2022-12-02,SPY,54,30,5,True
2022-12-05,SPY,54,30,5,True
2022-12-07,SPY,54,30,5,True
2022-12-09,SPY,54,30,5,True
2022-12-12,SPY,52,30,5,True
2022-12-14,SPY,46,30,5,True
2022-12-16,SPY,54,30,5,True
2022-12-19,SPY,52,30,5,True
2022-12-21,SPY,54,30,5,True
2022-12-23,SPY,54,30,5,True
2022-12-26,SPY,54,30,5,True
2022-12-28,SPY,52,30,5,True
2022-12-30,SPY,52,30,5,True
2023-01-02,SPY,52,30,5,True
2023-01-04,SPY,54,30,5,True
2023-01-06,SPY,54,30,5,True
2023-01-09,SPY,54,30,5,True
2023-01-11,SPY,52,30,5,True
2023-01-13,SPY,50,30,5,True
2023-01-20,SPY,54,30,5,True
2023-01-23,SPY,54,30,5,True
2023-01-25,SPY,50,30,5,True
2023-01-27,SPY,50,30,5,True
2023-01-30,SPY,50,30,5,True
2023-02-01,SPY,48,30,5,True
2023-02-03,SPY,48,30,5,True
2023-02-06,SPY,48,30,5,True
2023-02-08,SPY,48,30,5,True
2023-02-10,SPY,48,30,5,True
2023-02-13,SPY,48,30,5,True
2023-02-15,SPY,54,30,5,True
2023-02-17,SPY,54,30,5,True
2023-02-20,SPY,54,30,5,True
2023-02-22,SPY,50,30,5,True
2023-02-24,SPY,52,30,5,True
2023-02-27,SPY,52,30,5,True
2023-03-01,SPY,54,30,5,True
2023-03-03,SPY,54,30,5,True
2023-03-06,SPY,54,30,5,True
2023-03-08,SPY,50,30,5,True
2023-03-10,SPY,54,30,5,True
2023-03-13,SPY,0,30,5,False
2023-03-15,SPY,54,30,5,True
2023-03-17,SPY,54,30,5,True
2023-03-20,SPY,52,30,5,True
2023-03-22,SPY,54,30,5,True
2023-03-24,SPY,54,30,5,True
2023-03-27,SPY,54,30,5,True
2023-03-29,SPY,50,30,5,True
2023-03-31,SPY,48,30,5,True
2023-04-03,SPY,48,30,5,True
2023-04-05,SPY,48,30,5,True
2023-04-07,SPY,48,30,5,True
2023-04-10,SPY,48,30,5,True
2023-04-12,SPY,48,30,5,True
2023-04-14,SPY,48,30,5,True
2023-04-17,SPY,48,30,5,True
2023-04-19,SPY,54,30,5,True
2023-04-21,SPY,54,30,5,True
2023-04-24,SPY,54,30,5,True
2023-04-26,SPY,50,30,5,True
2023-04-28,SPY,46,30,5,True
2023-05-01,SPY,46,30,5,True
2023-05-03,SPY,48,30,5,True
2023-05-05,SPY,48,30,5,True
2023-05-08,SPY,48,30,5,True
2023-05-10,SPY,48,30,5,True
2023-05-12,SPY,48,30,5,True
2023-05-15,SPY,48,30,5,True
2023-05-17,SPY,54,30,5,True
2023-05-19,SPY,54,30,5,True
2023-05-22,SPY,54,30,5,True
2023-05-24,SPY,48,30,5,True
2023-05-26,SPY,46,30,5,True
2023-05-29,SPY,46,30,5,True
2023-06-02,SPY,52,30,5,True
2023-06-07,SPY,44,30,5,True
2023-06-09,SPY,44,30,5,True
2023-06-12,SPY,42,30,5,True
2023-06-14,SPY,42,30,5,True
2023-06-16,SPY,44,30,5,True
2023-06-19,SPY,44,30,5,True
2023-06-21,SPY,54,30,5,True
2023-06-23,SPY,54,30,5,True
2023-06-26,SPY,54,30,5,True
2023-06-28,SPY,46,30,5,True
2023-06-30,SPY,44,30,5,True
2023-07-05,SPY,42,30,5,True
2023-07-07,SPY,44,30,5,True
2023-07-10,SPY,44,30,5,True
2023-07-12,SPY,42,30,5,True
2023-07-14,SPY,42,30,5,True
2023-07-17,SPY,46,30,5,True
2023-07-19,SPY,48,30,5,True
2023-07-21,SPY,50,30,5,True
2023-07-24,SPY,50,30,5,True
2023-07-26,SPY,44,30,5,True
2023-07-28,SPY,44,30,5,True
2023-07-31,SPY,44,30,5,True
2023-08-02,SPY,46,30,5,True
2023-08-04,SPY,46,30,5,True
2023-08-07,SPY,46,30,5,True
2023-08-09,SPY,48,30,5,True
2023-08-11,SPY,48,30,5,True
2023-08-14,SPY,46,30,5,True
2023-08-16,SPY,54,30,5,True
2023-08-18,SPY,54,30,5,True
2023-08-21,SPY,54,30,5,True
2023-08-23,SPY,48,30,5,True
2023-08-25,SPY,48,30,5,True
2023-08-28,SPY,48,30,5,True
2023-08-30,SPY,48,30,5,True
2023-09-01,SPY,48,30,5,True
2023-09-04,SPY,48,30,5,True
2023-09-06,SPY,44,30,5,True
2023-09-08,SPY,46,30,5,True
2023-09-11,SPY,44,30,5,True
2023-09-13,SPY,44,30,5,True
2023-09-15,SPY,46,30,5,True
2023-09-18,SPY,46,30,5,True
2023-09-20,SPY,54,30,5,True
2023-09-22,SPY,54,30,5,True
2023-09-25,SPY,54,30,5,True
2023-09-27,SPY,48,30,5,True
2023-09-29,SPY,48,30,5,True
2023-10-02,SPY,48,30,5,True
2023-10-04,SPY,52,30,5,True
2023-10-06,SPY,50,30,5,True
2023-10-09,SPY,50,30,5,True
2023-10-11,SPY,50,30,5,True
2023-10-13,SPY,50,30,5,True
2023-10-16,SPY,50,30,5,True
2023-10-18,SPY,54,30,5,True
2023-10-20,SPY,54,30,5,True
2023-10-23,SPY,54,30,5,True
2023-10-25,SPY,54,30,5,True
2023-10-27,SPY,52,30,5,True
2023-10-30,SPY,52,30,5,True
2023-11-03,SPY,50,30,5,True
2023-11-06,SPY,50,30,5,True
2023-11-09,SPY,50,30,5,True
2023-11-10,SPY,48,30,5,True
2023-11-13,SPY,48,30,5,True
2023-11-16,SPY,42,30,5,True
2023-11-17,SPY,46,30,5,True
2023-11-20,SPY,46,30,5,True
2023-11-21,SPY,46,30,5,True
2023-11-22,SPY,46,30,5,True
2023-11-24,SPY,46,30,5,True
2023-11-27,SPY,46,30,5,True
2023-11-29,SPY,46,30,5,True
2023-12-01,SPY,46,30,5,True
2023-12-04,SPY,46,30,5,True
2023-12-06,SPY,46,30,5,True
2023-12-08,SPY,46,30,5,True
2023-12-11,SPY,46,30,5,True
2023-12-13,SPY,40,30,5,True
2023-12-15,SPY,38,30,5,True
2023-12-18,SPY,40,30,5,True
2023-12-20,SPY,54,30,5,True
2023-12-22,SPY,54,30,5,True
2023-12-25,SPY,54,30,5,True
2023-12-27,SPY,40,30,5,True
2023-12-29,SPY,40,30,5,True
2024-01-01,SPY,42,30,5,True
2024-01-03,SPY,44,30,5,True
2024-01-05,SPY,40,30,5,True
2024-01-08,SPY,40,30,5,True
2024-01-10,SPY,40,30,5,True
2024-01-12,SPY,40,30,5,True
2024-01-15,SPY,40,30,5,True
2024-01-17,SPY,48,30,5,True
2024-01-19,SPY,46,30,5,True
2024-01-22,SPY,46,30,5,True
2024-01-24,SPY,38,30,5,True
2024-01-26,SPY,42,30,5,True
2024-01-29,SPY,42,30,5,True
2024-01-31,SPY,44,30,5,True
2024-02-02,SPY,42,30,5,True
2024-02-05,SPY,42,30,5,True
2024-02-07,SPY,40,30,5,True
2024-02-09,SPY,42,30,5,True
2024-02-12,SPY,42,30,5,True
2024-02-14,SPY,54,30,5,True
2024-02-16,SPY,54,30,5,True
2024-02-19,SPY,54,30,5,True
2024-02-21,SPY,42,30,5,True
2024-02-23,SPY,42,30,5,True
2024-02-26,SPY,44,30,5,True
2024-02-28,SPY,46,30,5,True
2024-03-01,SPY,86,30,5,True
2024-03-04,SPY,0,30,5,False
2024-03-06,SPY,44,30,5,True
2024-03-08,SPY,44,30,5,True
2024-03-11,SPY,44,30,5,True
2024-03-13,SPY,38,30,5,True
2024-03-15,SPY,38,30,5,True
2024-03-18,SPY,38,30,5,True
2024-03-20,SPY,42,30,5,True
2024-03-22,SPY,42,30,5,True
2024-03-25,SPY,42,30,5,True
2024-03-27,SPY,38,30,5,True
2024-03-29,SPY,38,30,5,True
2024-04-01,SPY,42,30,5,True
2024-04-03,SPY,44,30,5,True
2024-04-05,SPY,38,30,5,True
2024-04-08,SPY,38,30,5,True
2024-04-10,SPY,44,30,5,True
2024-04-12,SPY,44,30,5,True
2024-04-15,SPY,46,30,5,True
2024-04-17,SPY,48,30,5,True
2024-04-19,SPY,50,30,5,True
2024-04-22,SPY,50,30,5,True
2024-04-24,SPY,40,30,5,True
2024-04-26,SPY,40,30,5,True
2024-04-29,SPY,38,30,5,True
2024-05-01,SPY,46,30,5,True
2024-05-03,SPY,44,30,5,True
2024-05-06,SPY,44,30,5,True
2024-05-08,SPY,44,30,5,True
2024-05-10,SPY,42,30,5,True
2024-05-13,SPY,42,30,5,True
2024-05-15,SPY,42,30,5,True
2024-05-17,SPY,42,30,5,True
2024-05-20,SPY,42,30,5,True
2024-05-22,SPY,54,30,5,True
2024-05-24,SPY,54,30,5,True
2024-05-27,SPY,54,30,5,True
2024-05-29,SPY,44,30,5,True
2024-05-31,SPY,44,30,5,True
2024-06-03,SPY,44,30,5,True
2024-06-05,SPY,34,30,5,True
2024-06-07,SPY,34,30,5,True
2024-06-10,SPY,34,30,5,True
2024-06-12,SPY,40,30,5,True
2024-06-14,SPY,42,30,5,True
2024-06-17,SPY,42,30,5,True
2024-06-19,SPY,46,30,5,True
2024-06-21,SPY,46,30,5,True
2024-06-24,SPY,46,30,5,True
2024-06-26,SPY,42,30,5,True
2024-06-28,SPY,42,30,5,True
2024-07-01,SPY,42,30,5,True
2024-07-03,SPY,42,30,5,True
2024-07-05,SPY,40,30,5,True
2024-07-08,SPY,40,30,5,True
2024-07-10,SPY,34,30,5,True
2024-07-12,SPY,34,30,5,True
2024-07-15,SPY,34,30,5,True
2024-07-17,SPY,44,30,5,True
2024-07-19,SPY,46,30,5,True
2024-07-22,SPY,44,30,5,True
2024-07-24,SPY,36,30,5,True
2024-07-26,SPY,36,30,5,True
2024-07-29,SPY,36,30,5,True
2024-08-12,SPY,48,30,5,True
2024-08-14,SPY,46,30,5,True
2024-08-16,SPY,44,30,5,True
2024-08-19,SPY,42,30,5,True
2024-08-21,SPY,50,30,5,True
2024-08-23,SPY,50,30,5,True
2024-08-26,SPY,50,30,5,True
2024-08-28,SPY,46,30,5,True
2024-08-30,SPY,44,30,5,True
2024-09-02,SPY,44,30,5,True
2024-09-04,SPY,46,30,5,True
2024-09-06,SPY,44,30,5,True
2024-09-09,SPY,46,30,5,True
2024-09-11,SPY,46,30,5,True
2024-09-12,SPY,38,30,5,True
2024-09-13,SPY,36,30,5,True
2024-09-16,SPY,36,30,5,True
2024-09-17,SPY,38,30,5,True
2024-09-18,SPY,38,30,5,True
2024-09-19,SPY,38,30,5,True
2024-09-20,SPY,38,30,5,True
2024-09-23,SPY,38,30,5,True
2024-09-24,SPY,36,30,5,True
2024-09-25,SPY,36,30,5,True
2024-09-26,SPY,34,30,5,True
2024-09-27,SPY,36,30,5,True
2024-09-30,SPY,34,30,5,True
2024-10-01,SPY,34,30,5,True
2024-10-02,SPY,34,30,5,True
2024-10-03,SPY,34,30,5,True
2024-10-04,SPY,34,30,5,True
2024-10-07,SPY,36,30,5,True
2024-10-08,SPY,34,30,5,True
2024-10-09,SPY,34,30,5,True
2024-10-10,SPY,34,30,5,True
2024-10-11,SPY,34,30,5,True
2024-10-14,SPY,34,30,5,True
2024-10-15,SPY,36,30,5,True
2024-10-16,SPY,36,30,5,True
2024-10-17,SPY,36,30,5,True
2024-10-18,SPY,36,30,5,True
2024-10-21,SPY,36,30,5,True
2024-10-22,SPY,34,30,5,True
2024-10-23,SPY,36,30,5,True
2024-10-24,SPY,36,30,5,True
2024-10-25,SPY,36,30,5,True
2024-10-29,SPY,34,30,5,True
2024-10-30,SPY,36,30,5,True
2024-10-31,SPY,36,30,5,True
2024-11-01,SPY,36,30,5,True
2024-11-04,SPY,36,30,5,True
2024-11-05,SPY,36,30,5,True
2024-11-06,SPY,34,30,5,True
2024-11-07,SPY,32,30,5,True
2024-11-08,SPY,32,30,5,True
2024-11-11,SPY,34,30,5,True
2024-11-13,SPY,34,30,5,True
2024-11-14,SPY,34,30,5,True
2024-11-15,SPY,36,30,5,True
2024-11-18,SPY,36,30,5,True
2024-11-19,SPY,38,30,5,True
2024-11-20,SPY,38,30,5,True
2024-11-21,SPY,38,30,5,True
2024-11-22,SPY,38,30,5,True
2024-11-25,SPY,38,30,5,True
2024-11-26,SPY,36,30,5,True
2024-11-27,SPY,36,30,5,True
2024-11-28,SPY,36,30,5,True
2024-11-29,SPY,36,30,5,True
2024-12-02,SPY,38,30,5,True
2024-12-03,SPY,38,30,5,True
2024-12-04,SPY,38,30,5,True
2024-12-05,SPY,34,30,5,True
2024-12-06,SPY,34,30,5,True
2024-12-09,SPY,36,30,5,True
2024-12-10,SPY,36,30,5,True
2024-12-11,SPY,34,30,5,True
2024-12-12,SPY,36,30,5,True
2024-12-13,SPY,36,30,5,True
2024-12-16,SPY,34,30,5,True
2024-12-17,SPY,38,30,5,True
2024-12-18,SPY,38,30,5,True
2024-12-19,SPY,38,30,5,True
2024-12-20,SPY,38,30,5,True
2024-12-23,SPY,38,30,5,True
2024-12-24,SPY,36,30,5,True
2024-12-25,SPY,36,30,5,True
2024-12-26,SPY,36,30,5,True
2024-12-27,SPY,36,30,5,True
2024-12-30,SPY,38,30,5,True
2024-12-31,SPY,38,30,5,True
2025-01-01,SPY,38,30,5,True
2025-01-02,SPY,38,30,5,True
2025-01-03,SPY,38,30,5,True
2025-01-06,SPY,36,30,5,True
2025-01-07,SPY,38,30,5,True
2025-01-08,SPY,38,30,5,True
2025-01-09,SPY,38,30,5,True
2025-01-10,SPY,38,30,5,True
2025-01-13,SPY,38,30,5,True
2025-01-14,SPY,38,30,5,True
2025-01-15,SPY,38,30,5,True
2025-01-16,SPY,38,30,5,True
2025-01-17,SPY,36,30,5,True
2025-01-20,SPY,36,30,5,True
2025-01-21,SPY,38,30,5,True
2025-01-22,SPY,38,30,5,True
2025-01-23,SPY,38,30,5,True
2025-01-24,SPY,38,30,5,True
2025-01-27,SPY,38,30,5,True
2025-01-28,SPY,36,30,5,True
2025-01-29,SPY,36,30,5,True
2025-01-30,SPY,36,30,5,True
2025-01-31,SPY,36,30,5,True
2025-02-03,SPY,36,30,5,True
2025-02-04,SPY,36,30,5,True
2025-02-05,SPY,36,30,5,True
2025-02-06,SPY,36,30,5,True
2025-02-07,SPY,36,30,5,True
2025-02-10,SPY,36,30,5,True
2025-02-11,SPY,36,30,5,True
2025-02-12,SPY,36,30,5,True
2025-02-13,SPY,34,30,5,True
2025-02-14,SPY,34,30,5,True
2025-02-17,SPY,34,30,5,True
2025-02-18,SPY,38,30,5,True
2025-02-19,SPY,38,30,5,True
2025-02-20,SPY,38,30,5,True
2025-02-21,SPY,38,30,5,True
2025-02-24,SPY,38,30,5,True
2025-02-25,SPY,36,30,5,True
2025-02-26,SPY,36,30,5,True
2025-02-27,SPY,38,30,5,True
2025-02-28,SPY,36,30,5,True
2025-03-03,SPY,38,30,5,True
2025-03-04,SPY,38,30,5,True
2025-03-05,SPY,38,30,5,True
2025-03-06,SPY,38,30,5,True
2025-03-07,SPY,38,30,5,True
2025-03-10,SPY,38,30,5,True
2025-03-11,SPY,38,30,5,True
2025-03-12,SPY,38,30,5,True
2025-03-13,SPY,38,30,5,True
2025-03-14,SPY,38,30,5,True
2025-03-17,SPY,38,30,5,True
2025-03-18,SPY,38,30,5,True
2025-03-19,SPY,38,30,5,True
2025-03-20,SPY,38,30,5,True
2025-03-21,SPY,38,30,5,True
2025-03-24,SPY,38,30,5,True
2025-03-25,SPY,38,30,5,True
2025-03-26,SPY,38,30,5,True
2025-03-27,SPY,38,30,5,True
2025-03-28,SPY,38,30,5,True
2025-03-31,SPY,38,30,5,True
2025-04-01,SPY,38,30,5,True
2025-04-02,SPY,38,30,5,True
2025-04-03,SPY,38,30,5,True
2025-04-04,SPY,38,30,5,True
2025-04-07,SPY,38,30,5,True
2025-04-08,SPY,38,30,5,True
2025-04-09,SPY,38,30,5,True
2025-04-10,SPY,38,30,5,True
2025-04-11,SPY,38,30,5,True
2025-04-14,SPY,38,30,5,True
2025-04-15,SPY,38,30,5,True
2025-04-16,SPY,38,30,5,True
2025-04-17,SPY,38,30,5,True
2025-04-18,SPY,38,30,5,True
2025-04-21,SPY,38,30,5,True
2025-04-22,SPY,38,30,5,True
2025-04-23,SPY,38,30,5,True
2025-04-24,SPY,42,30,5,True
2025-04-25,SPY,42,30,5,True
2025-04-28,SPY,42,30,5,True
2025-04-29,SPY,46,30,5,True
2025-04-30,SPY,46,30,5,True
2025-05-01,SPY,46,30,5,True
2025-05-02,SPY,46,30,5,True
2025-05-05,SPY,46,30,5,True
2025-05-06,SPY,40,30,5,True
2025-05-07,SPY,40,30,5,True
2025-05-08,SPY,38,30,5,True
2025-05-09,SPY,38,30,5,True
2025-05-12,SPY,36,30,5,True
2025-05-13,SPY,36,30,5,True
2025-05-14,SPY,36,30,5,True
2025-05-15,SPY,38,30,5,True
2025-05-16,SPY,38,30,5,True
2025-05-19,SPY,38,30,5,True
2025-05-20,SPY,46,30,5,True
2025-05-21,SPY,46,30,5,True
2025-05-22,SPY,46,30,5,True
2025-05-23,SPY,46,30,5,True
2025-05-26,SPY,46,30,5,True
2025-05-27,SPY,38,30,5,True
2025-05-28,SPY,40,30,5,True
2025-05-29,SPY,38,30,5,True
2025-05-30,SPY,38,30,5,True
2025-06-02,SPY,44,30,5,True
2025-06-03,SPY,44,30,5,True
2025-06-04,SPY,38,30,5,True
2025-06-05,SPY,38,30,5,True
2025-06-06,SPY,38,30,5,True
2025-06-09,SPY,38,30,5,True
2025-06-10,SPY,38,30,5,True
2025-06-11,SPY,38,30,5,True
2025-06-12,SPY,38,30,5,True
2025-06-13,SPY,40,30,5,True
2025-06-16,SPY,38,30,5,True
2025-06-17,SPY,46,30,5,True
2025-06-18,SPY,46,30,5,True
2025-06-19,SPY,46,30,5,True
2025-06-20,SPY,46,30,5,True
2025-06-23,SPY,46,30,5,True
2025-06-24,SPY,38,30,5,True
2025-06-25,SPY,38,30,5,True
2025-06-26,SPY,38,30,5,True
2025-06-27,SPY,38,30,5,True
2025-06-30,SPY,40,30,5,True
2025-07-01,SPY,40,30,5,True
2025-07-02,SPY,40,30,5,True
2025-07-03,SPY,40,30,5,True
2025-07-04,SPY,36,30,5,True
2025-07-07,SPY,36,30,5,True
2025-07-08,SPY,38,30,5,True
2025-07-09,SPY,38,30,5,True
2025-07-10,SPY,38,30,5,True
2025-07-11,SPY,38,30,5,True
2025-07-14,SPY,38,30,5,True
2025-07-15,SPY,46,30,5,True
2025-07-16,SPY,46,30,5,True
2025-07-17,SPY,46,30,5,True
2025-07-18,SPY,46,30,5,True
2025-07-21,SPY,46,30,5,True
2025-07-22,SPY,38,30,5,True
2025-07-23,SPY,38,30,5,True
2025-07-24,SPY,38,30,5,True
2025-07-25,SPY,38,30,5,True
2025-07-28,SPY,38,30,5,True
2025-07-29,SPY,38,30,5,True
2025-07-30,SPY,38,30,5,True
2025-07-31,SPY,40,30,5,True
2025-08-01,SPY,42,30,5,True
2025-08-04,SPY,40,30,5,True
2025-08-05,SPY,40,30,5,True
2025-08-06,SPY,40,30,5,True
2025-08-07,SPY,40,30,5,True
2025-08-08,SPY,38,30,5,True
2025-08-11,SPY,40,30,5,True
2025-08-12,SPY,40,30,5,True
2025-08-13,SPY,40,30,5,True
2025-08-14,SPY,40,30,5,True
2025-08-15,SPY,40,30,5,True
2025-08-18,SPY,40,30,5,True
2025-08-19,SPY,54,30,5,True
2025-08-20,SPY,54,30,5,True
2025-08-21,SPY,54,30,5,True
2025-08-22,SPY,54,30,5,True
2025-08-25,SPY,54,30,5,True
2025-08-27,SPY,48,30,5,True
2025-08-28,SPY,48,30,5,True
2025-08-29,SPY,48,30,5,True
2025-09-02,SPY,50,30,5,True
2025-09-03,SPY,50,30,5,True
2025-09-04,SPY,48,30,5,True
2025-09-05,SPY,48,30,5,True
2025-09-08,SPY,48,30,5,True
2025-09-09,SPY,44,30,5,True
2025-09-11,SPY,50,30,5,True
2025-09-12,SPY,50,30,5,True
2025-09-15,SPY,48,30,5,True
2025-09-16,SPY,54,30,5,True
2025-09-17,SPY,54,30,5,True
2025-09-18,SPY,54,30,5,True
2025-09-19,SPY,54,30,5,True
2025-09-22,SPY,54,30,5,True
2025-09-23,SPY,46,30,5,True
2025-09-24,SPY,46,30,5,True
2025-09-25,SPY,48,30,5,True
2025-09-26,SPY,46,30,5,True
2025-09-29,SPY,46,30,5,True
2025-09-30,SPY,48,30,5,True
2025-10-01,SPY,48,30,5,True
2025-10-02,SPY,48,30,5,True
2025-10-03,SPY,48,30,5,True
2025-10-06,SPY,48,30,5,True
2025-10-07,SPY,48,30,5,True
2025-10-08,SPY,48,30,5,True
2025-10-09,SPY,48,30,5,True
2025-10-10,SPY,48,30,5,True
2025-10-13,SPY,48,30,5,True
2025-10-14,SPY,48,30,5,True
2025-10-15,SPY,48,30,5,True
2025-10-16,SPY,48,30,5,True
2025-10-17,SPY,48,30,5,True
2025-10-20,SPY,48,30,5,True
2025-10-21,SPY,50,30,5,True
2025-10-22,SPY,50,30,5,True
2025-10-23,SPY,50,30,5,True
2025-10-24,SPY,50,30,5,True
2025-10-27,SPY,48,30,5,True
2025-10-28,SPY,46,30,5,True
2025-10-29,SPY,46,30,5,True
2025-10-30,SPY,48,30,5,True
2025-10-31,SPY,48,30,5,True
2025-11-03,SPY,48,30,5,True
2025-11-04,SPY,48,30,5,True
2025-11-05,SPY,48,30,5,True
2025-11-06,SPY,48,30,5,True
2025-11-07,SPY,48,30,5,True
2025-11-10,SPY,48,30,5,True
2025-11-11,SPY,48,30,5,True
2025-11-12,SPY,48,30,5,True
2025-11-13,SPY,48,30,5,True
2025-11-14,SPY,48,30,5,True
2025-11-17,SPY,50,30,5,True
2025-11-18,SPY,54,30,5,True
2025-11-19,SPY,54,30,5,True
2025-11-20,SPY,54,30,5,True
2025-11-21,SPY,54,30,5,True
2025-11-24,SPY,54,30,5,True
2025-11-25,SPY,50,30,5,True
2025-11-26,SPY,48,30,5,True
2025-11-27,SPY,48,30,5,True
2025-11-28,SPY,48,30,5,True
2025-12-01,SPY,48,30,5,True
2025-12-02,SPY,48,30,5,True
2025-12-03,SPY,48,30,5,True
2025-12-04,SPY,48,30,5,True
2025-12-05,SPY,48,30,5,True
2025-12-08,SPY,48,30,5,True
2025-12-09,SPY,48,30,5,True
2025-12-10,SPY,48,30,5,True
2025-12-11,SPY,48,30,5,True
2025-12-12,SPY,48,30,5,True
2025-12-15,SPY,48,30,5,True
2025-12-16,SPY,54,30,5,True
2025-12-17,SPY,54,30,5,True
2025-12-18,SPY,54,30,5,True
2025-12-19,SPY,54,30,5,True
2025-12-22,SPY,54,30,5,True
2025-12-23,SPY,48,30,5,True
2025-12-24,SPY,48,30,5,True
2025-12-25,SPY,48,30,5,True
2025-12-26,SPY,48,30,5,True
2025-12-29,SPY,48,30,5,True
2025-12-30,SPY,48,30,5,True
2025-12-31,SPY,48,30,5,True
2026-01-01,SPY,48,30,5,True
2026-01-02,SPY,48,30,5,True
2026-01-05,SPY,48,30,5,True
2026-01-06,SPY,52,30,5,True
2026-01-07,SPY,52,30,5,True
2026-01-08,SPY,52,30,5,True
2026-01-09,SPY,52,30,5,True
2026-01-12,SPY,52,30,5,True
2026-01-13,SPY,54,30,5,True
2026-01-14,SPY,54,30,5,True
2026-01-15,SPY,54,30,5,True
2026-01-16,SPY,54,30,5,True
2026-01-19,SPY,54,30,5,True
2026-01-20,SPY,54,30,5,True
2026-01-21,SPY,54,30,5,True
2026-01-22,SPY,54,30,5,True
2026-01-23,SPY,54,30,5,True
2026-01-26,SPY,54,30,5,True
2026-01-27,SPY,54,30,5,True
2026-01-28,SPY,54,30,5,True
2026-01-29,SPY,54,30,5,True
2026-01-30,SPY,54,30,5,True
2026-02-02,SPY,54,30,5,True
2026-02-03,SPY,54,30,5,True
2026-02-04,SPY,54,30,5,True
2026-02-05,SPY,54,30,5,True
2026-02-06,SPY,54,30,5,True
2026-02-09,SPY,54,30,5,True
2026-02-10,SPY,54,30,5,True
2026-02-11,SPY,54,30,5,True
2026-02-12,SPY,54,30,5,True
2026-02-13,SPY,54,30,5,True
2026-02-16,SPY,54,30,5,True
2026-02-17,SPY,54,30,5,True
2026-02-18,SPY,54,30,5,True
2026-02-23,SPY,54,30,5,True
2026-02-24,SPY,54,30,5,True
2026-02-25,SPY,54,30,5,True
2026-02-26,SPY,108,30,5,True
2026-02-27,SPY,54,30,5,True
2026-03-02,SPY,54,30,5,True
2026-03-03,SPY,54,30,5,True
2026-03-04,SPY,54,30,5,True
2026-03-05,SPY,54,30,5,True
2026-03-06,SPY,54,30,5,True
2026-03-09,SPY,54,30,5,True
2026-03-10,SPY,54,30,5,True
2026-03-11,SPY,54,30,5,True
2026-03-12,SPY,54,30,5,True
2026-03-13,SPY,54,30,5,True
2026-03-16,SPY,54,30,5,True
2026-03-17,SPY,54,30,5,True
2026-03-18,SPY,54,30,5,True
2026-03-19,SPY,54,30,5,True
2026-03-20,SPY,54,30,5,True
2026-03-23,SPY,54,30,5,True
2026-03-24,SPY,52,30,5,True
2026-03-25,SPY,52,30,5,True
2026-03-26,SPY,54,30,5,True
2026-03-27,SPY,54,30,5,True
2026-03-30,SPY,54,30,5,True
2026-03-31,SPY,54,30,5,True
2026-04-01,SPY,54,30,5,True
2026-04-02,SPY,54,30,5,True
2026-04-03,SPY,54,30,5,True
2026-04-06,SPY,54,30,5,True
2026-04-07,SPY,54,30,5,True
2026-04-08,SPY,54,30,5,True
2026-04-09,SPY,54,30,5,True
2026-04-10,SPY,54,30,5,True
2026-04-13,SPY,54,30,5,True
2026-04-14,SPY,54,30,5,True
2026-04-15,SPY,54,30,5,True
2026-04-16,SPY,54,30,5,True
2026-04-17,SPY,54,30,5,True
2026-04-20,SPY,54,30,5,True
2026-04-21,SPY,54,30,5,True
2026-04-22,SPY,54,30,5,True
2026-04-23,SPY,54,30,5,True
2026-04-24,SPY,54,30,5,True
2026-04-27,SPY,54,30,5,True
2026-04-28,SPY,54,30,5,True
2026-04-29,SPY,54,30,5,True
2026-04-30,SPY,52,30,5,True
2026-05-04,SPY,52,30,5,True
2026-05-05,SPY,52,30,5,True
2026-05-06,SPY,52,30,5,True
2026-05-07,SPY,52,30,5,True
2026-05-08,SPY,52,30,5,True
2026-05-11,SPY,52,30,5,True
2026-05-12,SPY,52,30,5,True
2026-05-15,SPY,52,30,5,True
2026-05-18,SPY,54,30,5,True
2026-05-19,SPY,54,30,5,True
2026-05-20,SPY,54,30,5,True
2026-05-21,SPY,54,30,5,True
