ticker,best_maxR_pct,best_annR_pct,best_ratio,expiry,dte,spot,put_strike,put_cost,call_strike,call_credit,net_cost_per_share,min_return_pct
BKNG,0.7,1.95,11.6995,2026-10-16,133,168.32000732421875,168.4,16.9,168.6,17.8,167.42,0.59
SLV,2.68,9.65,8.5302,2026-09-18,105,62.790000915527344,63.0,5.3,63.5,6.25,61.84,1.88
MSTR,5.86,31.0,6.5831,2026-08-21,77,119.37850189208984,120.0,17.1,125.0,18.4,118.08,1.63
ADBE,2.3,11.4,5.2707,2026-08-21,77,254.4949951171875,255.0,21.9,260.0,22.25,254.14,0.34
AMZN,2.85,14.26,4.9998,2026-08-21,77,252.7899932861328,255.0,15.85,260.0,15.85,252.79,0.87
NFLX,1.53,7.46,4.8777,2026-08-21,77,81.75,82.0,5.75,83.0,5.75,81.75,0.31
COIN,3.9,19.88,4.4757,2026-08-21,77,153.19500732421875,155.0,20.65,160.0,19.85,154.0,0.65
DHR,2.71,13.53,4.2828,2026-08-21,77,184.17999267578125,185.0,11.2,190.0,10.4,184.98,0.01
PLTR,3.6,18.26,3.8044,2026-08-21,77,138.36000061035156,140.0,14.25,145.0,12.65,139.96,0.03
NOW,4.08,14.9,3.7379,2026-09-18,105,115.4000015258789,116.0,15.8,120.0,15.9,115.3,0.61
NVDA,2.6,12.91,3.6765,2026-08-21,77,212.53500366210938,215.0,16.0,220.0,14.1,214.44,0.26
BDX,21.86,98.82,3.5216,2026-09-18,105,152.27000427246094,175.0,7.9,195.0,0.15,160.02,9.36
CRM,2.69,13.39,3.4175,2026-08-21,77,187.64999389648438,190.0,15.4,195.0,13.15,189.9,0.05
XLE,23.86,94.97,3.2774,2026-09-30,117,58.150001525878906,74.0,2.69,75.0,0.29,60.55,22.21
IT,3.44,12.49,3.2673,2026-09-18,105,163.74000549316406,165.0,18.5,170.0,17.9,164.34,0.4
IBM,2.08,5.81,3.0534,2026-10-16,133,289.4949951171875,290.0,33.15,295.0,33.65,288.99,0.35
HII,21.88,98.95,3.0296,2026-09-18,105,293.9800109863281,370.0,28.9,390.0,2.9,319.98,15.63
VEEV,3.51,12.72,3.0117,2026-09-18,105,172.7041015625,175.0,20.0,180.0,18.8,173.9,0.63
FSLR,3.81,19.38,2.9564,2026-08-21,77,290.92999267578125,300.0,41.55,310.0,33.85,298.63,0.46
ORLY,20.44,90.87,2.9251,2026-09-18,105,89.5199966430664,104.0,8.0,117.33,0.1,97.42,6.75
DD,17.47,75.04,2.9175,2026-09-18,105,47.724998474121094,55.0,3.5,60.0,0.15,51.07,7.68
SYY,9.69,55.02,2.8414,2026-08-21,77,75.4000015258789,87.5,6.7,90.0,0.05,82.05,6.64
PNR,14.86,92.86,2.8258,2026-08-21,77,73.38500213623047,85.0,14.7,97.5,3.2,84.89,0.14
HAS,28.59,99.4,2.7637,2026-10-16,133,84.58000183105469,90.0,7.8,115.0,2.95,89.43,0.64
PGR,15.07,94.56,2.7323,2026-08-21,77,200.5800018310547,235.0,34.1,270.0,0.05,234.63,0.16
TEL,24.67,61.44,2.5027,2026-11-20,168,216.77999877929688,220.0,18.7,270.0,18.9,216.58,1.58
ADP,21.01,94.03,2.4711,2026-09-18,105,231.7949981689453,310.0,32.8,320.0,0.15,264.44,17.23
ICE,21.94,99.26,2.3991,2026-09-18,105,141.47000122070312,185.0,22.6,200.0,0.05,164.02,12.79
DRI,20.01,88.55,2.3839,2026-09-18,105,196.875,230.0,28.6,270.0,0.5,224.97,2.23
HON,20.27,89.96,2.3791,2026-09-18,105,217.68499755859375,260.0,32.7,300.0,0.95,249.43,4.24
SHOP,4.44,16.3,2.3124,2026-09-18,105,112.0999984741211,115.0,16.5,120.0,13.7,114.9,0.09
CTSH,21.18,95.01,2.3022,2026-09-18,105,53.09000015258789,72.5,8.9,75.0,0.1,61.89,17.14
WDAY,3.75,13.65,2.2671,2026-09-18,105,146.1999969482422,150.0,20.1,155.0,16.9,149.4,0.4
HIG,14.53,60.24,2.2556,2026-09-18,105,130.22000122070312,145.0,13.9,165.0,0.05,144.07,0.65
LQD,6.39,24.04,2.2547,2026-09-18,105,108.44000244140625,113.0,4.45,120.0,0.1,112.79,0.19
RTX,14.05,86.49,2.2509,2026-08-21,77,180.60000610351562,240.0,38.9,250.0,0.3,219.2,9.49
MMM,21.21,95.17,2.1931,2026-09-18,105,153.4199981689453,190.0,28.1,220.0,0.02,181.5,4.68
EFX,25.82,87.82,2.1588,2026-10-16,133,170.60000610351562,195.0,20.8,240.0,0.65,190.75,2.23
WYNN,21.16,94.87,2.1392,2026-09-18,105,103.91500091552734,125.0,20.1,150.0,0.21,123.81,0.97
TRI,21.36,70.11,2.0753,2026-10-16,133,85.95999908447266,95.0,12.2,115.0,3.4,94.76,0.25
TLT,25.07,84.75,2.069,2026-10-16,133,85.13009643554688,97.0,10.85,120.0,0.03,95.95,1.09
PHM,18.75,81.72,2.0518,2026-09-18,105,118.0,140.0,21.3,165.0,0.35,138.95,0.76
XOM,21.14,94.74,2.0373,2026-09-18,105,150.1649932861328,185.0,31.7,220.0,0.25,181.61,1.86
IP,21.34,95.92,2.0113,2026-09-18,105,33.85499954223633,47.5,7.4,50.0,0.05,41.2,15.28
CTVA,13.77,56.57,1.994,2026-09-18,105,77.9000015258789,90.0,10.2,100.0,0.2,87.9,2.39
JKHY,14.78,61.47,1.9759,2026-09-18,105,129.66000366210938,165.0,18.5,170.0,0.05,148.11,11.4
BR,9.14,35.55,1.973,2026-09-18,105,152.52000427246094,165.0,16.3,180.0,3.9,164.92,0.05
TMUS,20.2,89.59,1.9709,2026-09-18,105,178.75,220.0,38.1,260.0,0.55,216.3,1.71
ARES,14.08,58.06,1.9464,2026-09-18,105,127.08999633789062,145.0,20.0,165.0,2.45,144.64,0.25
DG,21.58,97.23,1.9444,2026-09-18,105,103.33000183105469,145.0,24.55,155.0,0.39,127.49,13.73
EXE,20.24,89.79,1.9392,2026-09-18,105,92.2750015258789,120.0,20.25,135.0,0.25,112.28,6.88
KR,18.72,81.56,1.9379,2026-09-18,105,63.34000015258789,85.0,12.55,90.0,0.08,75.81,12.12
CTAS,17.12,73.23,1.9364,2026-09-18,105,181.39999389648438,230.0,32.5,250.0,0.45,213.45,7.75
GEHC,19.58,86.18,1.926,2026-09-18,105,63.904998779296875,85.0,13.5,92.5,0.05,77.35,9.88
STZ,23.69,79.21,1.9182,2026-10-16,133,141.5500030517578,175.0,20.7,200.0,0.55,161.7,8.23
NEE,15.73,66.16,1.902,2026-09-18,105,85.31999969482422,105.0,14.1,115.0,0.05,99.37,5.67
TTWO,19.6,86.31,1.8119,2026-09-18,105,216.7550048828125,290.0,53.3,320.0,2.5,267.56,8.39
CI,19.95,88.21,1.7811,2026-09-18,105,287.5799865722656,360.0,71.6,430.0,0.7,358.48,0.42
APO,20.86,93.18,1.7286,2026-09-18,105,126.69999694824219,165.0,34.7,195.0,0.05,161.35,2.26
UBER,14.85,92.74,1.7244,2026-08-21,77,71.52999877929688,97.5,24.3,110.0,0.05,95.78,1.8
DHI,21.82,98.57,1.7184,2026-09-18,105,146.16000366210938,190.0,42.7,230.0,0.05,188.81,0.63
A,3.51,17.74,1.6993,2026-08-21,77,135.82000732421875,145.0,13.0,150.0,3.9,144.92,0.06
MCD,35.04,92.06,1.699,2026-11-20,168,278.8901062011719,345.0,39.75,430.0,0.21,318.43,8.34
ERIE,19.63,86.48,1.6799,2026-09-18,105,224.4499969482422,300.0,60.0,340.0,0.25,284.2,5.56
BA,15.07,94.5,1.6689,2026-08-21,77,217.0800018310547,300.0,78.45,340.0,0.05,295.48,1.53
AWK,10.47,41.38,1.6129,2026-09-18,105,123.3550033569336,145.0,17.3,155.0,0.35,140.31,3.35
CHD,5.02,26.12,1.6098,2026-08-21,77,94.6449966430664,105.0,10.4,110.0,0.3,104.74,0.24
AGG,1.24,4.37,1.6,2026-09-18,105,98.31500244140625,100.0,1.5,101.0,0.05,99.77,0.24
RCL,21.73,98.07,1.5959,2026-09-18,105,291.1099853515625,390.0,96.0,470.0,1.0,386.11,1.01
LYV,11.65,35.32,1.5951,2026-10-16,133,159.64999389648438,175.0,19.0,195.0,4.0,174.65,0.2
ABNB,19.91,87.99,1.5795,2026-09-18,105,134.8699951171875,180.0,40.4,210.0,0.14,175.13,2.78
GILD,15.8,66.51,1.5644,2026-09-18,105,129.80999755859375,165.0,30.15,185.0,0.2,159.76,3.28
WM,13.63,55.92,1.5501,2026-09-18,105,220.46499633789062,280.0,43.6,300.0,0.05,264.01,6.05
EQT,4.42,16.23,1.5487,2026-09-18,105,54.310001373291016,57.5,5.35,60.0,2.2,57.46,0.07
NRG,21.04,94.2,1.5416,2026-09-18,105,130.35000610351562,185.0,43.2,210.0,0.05,173.5,6.63
PAYX,22.02,99.75,1.5413,2026-09-18,105,100.16999816894531,145.0,37.0,165.0,1.95,135.22,7.23
XYZ,3.46,12.56,1.5389,2026-09-18,105,69.33999633789062,72.5,9.05,75.0,5.9,72.49,0.01
OTIS,15.37,64.36,1.533,2026-09-18,105,70.43000030517578,97.5,16.4,100.0,0.15,86.68,12.48
ANET,3.43,7.6,1.5275,2026-11-20,168,157.17999267578125,160.0,26.05,165.0,23.7,159.53,0.29
BLDR,19.0,83.06,1.5273,2026-09-18,105,74.48999786376953,105.0,23.2,115.0,1.05,96.64,8.65
KVUE,10.64,42.1,1.5187,2026-09-18,105,17.225000381469727,20.0,2.68,22.0,0.02,19.89,0.58
UHS,19.68,63.72,1.5166,2026-10-16,133,147.8699951171875,190.0,27.9,210.0,0.3,175.47,8.28
NCLH,21.86,98.82,1.4939,2026-09-18,105,19.260000228881836,27.0,7.05,32.0,0.05,26.26,2.82
AVY,16.44,51.85,1.4867,2026-10-16,133,155.6999969482422,190.0,24.9,210.0,0.25,180.35,5.35
ADSK,20.97,93.8,1.4808,2026-09-18,105,232.63999938964844,330.0,82.2,380.0,0.7,314.14,5.05
CLX,25.13,85.01,1.4769,2026-10-16,133,92.02999877929688,125.0,23.9,145.0,0.05,115.88,7.87
SCHW,14.75,61.32,1.4727,2026-09-18,105,88.25499725341797,110.0,20.7,125.0,0.02,108.93,0.98
IWM,1.81,3.98,1.4712,2026-11-20,168,287.2250061035156,290.0,17.96,295.0,15.44,289.75,0.09
PCAR,3.96,20.2,1.462,2026-08-21,77,118.61000061035156,130.0,11.9,135.0,0.65,129.86,0.11
MRNA,8.36,46.32,1.4587,2026-08-21,77,49.334999084472656,60.0,14.05,65.0,3.4,59.98,0.03
LVS,19.2,84.13,1.4437,2026-09-18,105,50.54499816894531,67.5,16.6,80.0,0.03,67.11,0.57
COF,17.51,75.24,1.4222,2026-09-18,105,183.1199951171875,240.0,55.2,280.0,0.05,238.27,0.73
VST,20.75,92.6,1.4195,2026-09-18,105,151.3000030517578,215.0,56.95,250.0,1.21,207.04,3.84
NEM,4.44,22.86,1.3803,2026-08-21,77,102.94999694824219,115.0,16.1,120.0,4.15,114.9,0.09
ABBV,17.2,73.63,1.3656,2026-09-18,105,227.38999938964844,300.0,71.25,350.0,0.01,298.63,0.46
DXCM,20.73,92.5,1.3572,2026-09-18,105,74.33499908447266,110.0,29.8,125.0,0.6,103.53,6.24
ZS,15.27,96.09,1.3308,2026-08-21,77,133.55999755859375,200.0,66.9,230.0,0.92,199.54,0.23
HWM,10.18,40.07,1.327,2026-09-18,105,253.4600067138672,300.0,47.2,330.0,1.15,299.51,0.16
XLF,10.39,31.18,1.2991,2026-10-16,133,52.41999816894531,59.0,6.5,65.0,0.04,58.88,0.2
DLTR,21.76,98.28,1.2983,2026-09-18,105,108.13999938964844,160.0,47.95,190.0,0.05,156.04,2.54
GPN,15.06,62.86,1.2539,2026-09-18,105,66.61000061035156,90.0,20.5,100.0,0.2,86.91,3.56
DIS,17.49,75.11,1.2446,2026-09-18,105,99.78500366210938,145.0,36.45,160.0,0.05,136.19,6.47
ORCL,4.21,15.4,1.2387,2026-09-18,105,222.36000061035156,240.0,40.55,250.0,23.0,239.91,0.04
T,20.05,65.11,1.2146,2026-10-16,133,22.78499984741211,30.0,6.4,35.0,0.03,29.15,2.9
UAL,17.68,76.12,1.1774,2026-09-18,105,106.28500366210938,155.0,42.75,175.0,0.33,148.71,4.23
TTD,10.04,39.47,1.1762,2026-09-18,105,20.59000015258789,25.0,6.1,27.5,1.7,24.99,0.04
CF,18.75,45.25,1.176,2026-11-20,168,115.54000091552734,135.0,24.2,160.0,5.0,134.74,0.19
DVN,4.83,25.07,1.1218,2026-08-21,77,44.95500183105469,52.5,8.4,55.0,0.89,52.47,0.07
PEP,15.19,35.97,1.1013,2026-11-20,168,143.22500610351562,165.0,21.9,190.0,0.18,164.95,0.03
STE,8.38,32.26,1.0168,2026-09-18,105,212.55999755859375,270.0,46.5,280.0,0.7,258.36,4.51
CCL,12.0,36.47,0.9872,2026-10-16,133,27.75,34.0,6.9,38.0,0.72,33.93,0.21
RJF,3.33,16.8,0.891,2026-08-21,77,151.4499969482422,175.0,22.8,180.0,0.05,174.2,0.46
ITW,7.26,16.44,0.8817,2026-11-20,168,252.85000610351562,280.0,29.6,300.0,2.75,279.7,0.11
HAL,2.36,11.68,0.8569,2026-08-21,77,40.47999954223633,45.0,5.7,46.0,1.24,44.94,0.13
TPR,7.93,43.57,0.8328,2026-08-21,77,137.875,195.0,58.6,210.0,1.9,194.57,0.22
DUK,4.78,17.63,0.8255,2026-09-18,105,123.6050033569336,145.0,19.7,150.0,0.15,143.16,1.29
OKE,5.29,15.21,0.82,2026-10-16,133,88.56999969482422,100.0,12.7,105.0,1.55,99.72,0.28
INTU,7.92,30.32,0.811,2026-09-18,105,298.42498779296875,380.0,91.8,410.0,10.3,379.92,0.02
NDAQ,2.98,10.75,0.7964,2026-09-18,105,88.1050033569336,97.5,10.6,100.0,1.6,97.11,0.41
APA,18.4,58.96,0.7939,2026-10-16,133,37.29999923706055,55.0,17.85,65.0,0.25,54.9,0.18
CBRE,6.26,23.51,0.788,2026-09-18,105,130.92999267578125,160.0,29.4,170.0,0.35,159.98,0.01
CPRT,14.91,35.26,0.7655,2026-11-20,168,30.809999465942383,40.0,8.4,45.0,0.05,39.16,2.15
WFC,7.95,30.47,0.6652,2026-09-18,105,82.30000305175781,115.0,28.9,120.0,0.04,111.16,3.45
DASH,2.95,6.51,0.6425,2026-11-20,168,158.88999938964844,170.0,30.9,175.0,19.8,169.99,0.01
ACN,4.18,21.42,0.5387,2026-08-21,77,178.8699951171875,240.0,62.9,250.0,1.8,239.97,0.01
PTC,3.5,7.76,0.5023,2026-11-20,168,138.58999633789062,155.0,23.9,160.0,7.9,154.59,0.27
PANW,5.03,26.17,0.4992,2026-08-21,77,275.54998779296875,400.0,126.35,420.0,2.0,399.9,0.03
SMCI,2.19,4.83,0.4688,2026-11-20,168,43.52000045776367,47.0,12.05,48.0,8.6,46.97,0.06
IQV,4.12,21.11,0.4587,2026-08-21,77,184.91000366210938,260.0,74.6,270.0,0.2,259.31,0.27
INTC,3.85,14.03,0.4203,2026-09-18,105,104.95999908447266,135.0,38.5,140.0,8.65,134.81,0.14
GDDY,8.42,19.21,0.361,2026-11-20,168,84.8499984741211,120.0,36.0,130.0,0.95,119.9,0.08
HOOD,8.34,19.02,0.3609,2026-11-20,168,85.13999938964844,120.0,40.85,130.0,6.0,119.99,0.01
CVX,3.92,14.3,0.3251,2026-09-18,105,187.51499938964844,260.0,72.75,270.0,0.45,259.81,0.07
TRMB,6.72,15.19,0.3247,2026-11-20,168,54.5099983215332,75.0,21.1,80.0,0.65,74.96,0.05
CEG,3.23,7.15,0.3029,2026-11-20,168,258.8900146484375,310.0,69.0,320.0,17.9,309.99,0.0
CRL,4.1,11.65,0.2766,2026-10-16,133,182.97000122070312,250.0,80.0,260.0,13.2,249.77,0.09
QCOM,3.59,7.95,0.2602,2026-11-20,168,229.76499938964844,290.0,85.45,300.0,25.6,289.61,0.13
