Entry Time,Symbols,Exit Time,Direction,Entry Price,Exit Price,Quantity,P&L,Fees,MAE,MFE,Drawdown,IsWin,Order Ids
2020-01-03T21:00:00Z,"SPY   200127P00309000",2020-01-28T05:00:00Z,Buy,0.64,0,1,-64,1,-64,39,103,0,"	2,11" 
2020-01-03T21:00:00Z,"SPY   200127P00320000",2020-01-28T05:00:00Z,Sell,1.68,0,1,168,1,-111.5,168,111.5,1,"	1,12" 
2020-01-03T21:00:00Z,"DIA   200131P00272500",2020-02-01T05:00:00Z,Buy,0.66,0,1,-66,1,-66,41,107,0,"	8,13" 
2020-01-03T21:00:00Z,"DIA   200131P00285000",2020-02-01T05:00:00Z,Sell,2.06,0,1,206,1,-119,206,230.5,0,"	7,14" 
2020-01-03T21:00:00Z,"GLD   200131P00139000",2020-02-01T05:00:00Z,Buy,0.21,0,1,-21,1,-21,0,21,0,"	10,15" 
2020-01-03T21:00:00Z,"GLD   200131P00142000",2020-02-01T05:00:00Z,Sell,0.8,0,1,80,1,0,80,13.5,1,"	9,16" 
2020-01-03T21:00:00Z,"IWM   200131P00155500",2020-02-01T05:00:00Z,Buy,0.44,0,1,-44,1,-44,10.5,54.5,0,"	4,17" 
2020-01-03T21:00:00Z,"IWM   200131P00162500",2020-02-01T05:00:00Z,Sell,1.3,0,1,130,1,-70,130,180,0,"	3,18" 
2020-01-03T21:00:00Z,"QQQ   200131P00201000",2020-02-01T05:00:00Z,Buy,0.6,0,1,-60,1,-60,22,82,0,"	6,19" 
2020-01-03T21:00:00Z,"QQQ   200131P00211000",2020-02-01T05:00:00Z,Sell,1.74,0,1,174,1,-75,174,75,1,"	5,20" 
2020-02-01T05:00:00Z,"IWM",2020-03-23T20:00:00Z,Buy,162.5,101.9,100,-6060,1,-6260,631,6891,0,"	18,59" 
2020-02-01T05:00:00Z,"DIA",2020-03-23T20:00:00Z,Buy,285,190.01,100,-9499,1,-9887,1072,10959,0,"	14,63" 
2020-02-04T21:00:00Z,"SPY   200228P00317000",2020-02-07T21:00:00Z,Sell,3.02,0.79,1,223,2,0,224,24,1,"	21,31" 
2020-02-04T21:00:00Z,"SPY   200228P00301000",2020-02-07T21:00:00Z,Buy,0.88,0.23,1,-65,2,-65,0,65,0,"	22,32" 
2020-02-04T21:00:00Z,"DIA   200228P00277500",2020-02-07T21:00:00Z,Sell,2.78,0.63,1,215,2,0,216.5,36.5,1,"	27,33" 
2020-02-04T21:00:00Z,"DIA   200228P00262500",2020-02-07T21:00:00Z,Buy,0.74,0.12,1,-62,2,-62,0,62,0,"	28,34" 
2020-02-04T21:00:00Z,"QQQ   200228P00216000",2020-02-11T21:00:00Z,Sell,2.26,0.5,1,176,2,0,180,18,1,"	25,35" 
2020-02-04T21:00:00Z,"QQQ   200228P00204000",2020-02-11T21:00:00Z,Buy,0.74,0.14,1,-60,2,-60.5,0,60.5,0,"	26,36" 
2020-02-04T21:00:00Z,"IWM   200228P00158000",2020-02-12T21:00:00Z,Sell,1.63,0.37,1,126,2,0,143,32,1,"	23,37" 
2020-02-04T21:00:00Z,"IWM   200228P00149500",2020-02-12T21:00:00Z,Buy,0.54,0.09,1,-45,2,-48.5,0,48.5,0,"	24,38" 
2020-02-04T21:00:00Z,"GLD   200228P00146500",2020-02-19T21:00:00Z,Sell,0.79,0.1,1,69,2,-77,71.5,77,1,"	29,39" 
2020-02-04T21:00:00Z,"GLD   200228P00143500",2020-02-19T21:00:00Z,Buy,0.21,0.02,1,-19,2,-19,26.5,45.5,0,"	30,40" 
2020-03-03T21:00:00Z,"GLD   200327P00146000",2020-03-05T21:00:00Z,Sell,1.22,0.32,1,90,2,0,95,5,1,"	49,51" 
2020-03-03T21:00:00Z,"GLD   200327P00140500",2020-03-05T21:00:00Z,Buy,0.36,0.12,1,-24,2,-24,0,24,0,"	50,52" 
2020-03-03T21:00:00Z,"DIA   200327P00255000",2020-03-23T04:00:00Z,Sell,5,0,1,500,1,-6030,500,6165,0,"	47,53" 
2020-03-03T21:00:00Z,"IWM   200327P00144000",2020-03-23T04:00:00Z,Sell,2.66,0,1,266,1,-4103.5,266,4165.5,0,"	43,54" 
2020-03-03T21:00:00Z,"QQQ   200327P00206000",2020-03-23T04:00:00Z,Sell,3.99,0,1,399,1,-3283,399,3347.5,0,"	45,55" 
2020-03-03T21:00:00Z,"SPY   200327P00296000",2020-03-23T04:00:00Z,Sell,5.45,0,1,545,1,-6221,545,6329.5,0,"	41,56" 
2020-03-03T21:00:00Z,"SPY   200327P00270000",2020-03-23T20:00:00Z,Buy,1.89,40.43,1,3854,2,-46,4657.5,1618,1,"	42,58" 
2020-03-03T21:00:00Z,"IWM   200327P00131000",2020-03-23T20:00:00Z,Buy,0.92,29.78,1,2886,2,-31,3073,776.5,1,"	44,60" 
2020-03-03T21:00:00Z,"QQQ   200327P00187500",2020-03-23T20:00:00Z,Buy,1.45,16.32,1,1487,2,-35,1994,959,1,"	46,62" 
2020-03-03T21:00:00Z,"DIA   200327P00230000",2020-03-23T20:00:00Z,Buy,1.72,37.4,1,3568,2,-66,4200.5,1215,1,"	48,64" 
2020-03-23T04:00:00Z,"SPY",2020-03-23T20:00:00Z,Buy,296,228,100,-6800,1,-7305,0,7305,0,"	56,57" 
2020-03-23T04:00:00Z,"IWM",2020-03-23T20:00:00Z,Buy,144,101.9,100,-4210,0,-4410,2481,4410,0,"	54,59" 
2020-03-23T04:00:00Z,"QQQ",2020-03-23T20:00:00Z,Buy,206,170.7,100,-3530,1,-3554,0,3554,0,"	55,61" 
2020-03-23T04:00:00Z,"DIA",2020-03-23T20:00:00Z,Buy,255,190.01,100,-6499,0,-6887,4072,6887,0,"	53,63" 
2020-04-02T20:00:00Z,"IWM   200501P00098000",2020-04-13T20:00:00Z,Sell,4.39,0.79,1,360,2,0,377,50,1,"	65,75" 
2020-04-02T20:00:00Z,"IWM   200501P00085000",2020-04-13T20:00:00Z,Buy,1.96,0.11,1,-185,2,-185.5,0,185.5,0,"	66,76" 
2020-04-02T20:00:00Z,"GLD   200501P00144000",2020-04-13T20:00:00Z,Sell,2.1,0.35,1,175,2,0,194.5,19.5,1,"	67,77" 
2020-04-02T20:00:00Z,"GLD   200501P00134500",2020-04-13T20:00:00Z,Buy,0.64,0.1,1,-54,2,-57.5,0,57.5,0,"	68,78" 
2020-04-03T20:00:00Z,"SPY   200427P00210000",2020-04-28T04:00:00Z,Buy,2.49,0,1,-249,1,-249,0,249,0,"	70,79" 
2020-04-03T20:00:00Z,"SPY   200427P00236000",2020-04-28T04:00:00Z,Sell,6.93,0,1,693,1,0,693,28,1,"	69,80" 
2020-04-03T20:00:00Z,"DIA   200501P00175000",2020-05-02T04:00:00Z,Buy,3.5,0,1,-350,1,-350,0,350,0,"	74,85" 
2020-04-03T20:00:00Z,"DIA   200501P00198000",2020-05-02T04:00:00Z,Sell,7.35,0,1,735,1,-20,735,31.5,1,"	73,86" 
2020-04-03T20:00:00Z,"QQQ   200501P00152000",2020-05-02T04:00:00Z,Buy,1.97,0,1,-197,1,-197,0,197,0,"	72,87" 
2020-04-03T20:00:00Z,"QQQ   200501P00174000",2020-05-02T04:00:00Z,Sell,5.53,0,1,553,1,0,553,50.5,1,"	71,88" 
2020-05-04T20:00:00Z,"GLD   200529P00147500",2020-05-30T04:00:00Z,Buy,0.53,0,1,-53,1,-53,0,53,0,"	84,101" 
2020-05-04T20:00:00Z,"GLD   200529P00155000",2020-05-30T04:00:00Z,Sell,1.74,0,1,174,1,0,174,37,1,"	83,102" 
2020-05-04T20:00:00Z,"QQQ   200529P00191500",2020-05-30T04:00:00Z,Buy,2.51,0,1,-251,1,-251,0,251,0,"	82,103" 
2020-05-04T20:00:00Z,"QQQ   200529P00202500",2020-05-30T04:00:00Z,Sell,4.55,0,1,455,1,0,455,160,1,"	81,104" 
2020-05-05T20:00:00Z,"SPY   200529P00271000",2020-05-19T20:00:00Z,Sell,5.32,0.75,1,457,2,0,464,255.5,1,"	89,95" 
2020-05-05T20:00:00Z,"SPY   200529P00249000",2020-05-19T20:00:00Z,Buy,1.87,0.14,1,-173,2,-175,0,175,0,"	90,96" 
2020-05-05T20:00:00Z,"IWM   200529P00118500",2020-05-21T20:00:00Z,Sell,3.2,0.36,1,284,2,-66,297.5,282,1,"	91,97" 
2020-05-05T20:00:00Z,"IWM   200529P00106000",2020-05-21T20:00:00Z,Buy,0.99,0.02,1,-97,2,-97,0,97,0,"	92,98" 
2020-05-05T20:00:00Z,"DIA   200529P00225000",2020-05-21T20:00:00Z,Sell,4.1,0.45,1,365,2,0,385.5,254,1,"	93,99" 
2020-05-05T20:00:00Z,"DIA   200529P00205000",2020-05-21T20:00:00Z,Buy,1.93,0.02,1,-191,2,-191,0,191,0,"	94,100" 
2020-06-02T20:00:00Z,"SPY   200626P00294000",2020-06-09T20:00:00Z,Sell,4.45,1.06,1,339,2,0,340,37,1,"	105,115" 
2020-06-02T20:00:00Z,"SPY   200626P00271000",2020-06-09T20:00:00Z,Buy,1.44,0.31,1,-113,2,-113,0,113,0,"	106,116" 
2020-06-02T20:00:00Z,"IWM   200626P00133000",2020-06-09T20:00:00Z,Sell,3.21,0.67,1,254,2,0,255.5,31.5,1,"	107,117" 
2020-06-02T20:00:00Z,"IWM   200626P00120000",2020-06-09T20:00:00Z,Buy,0.96,0.12,1,-84,2,-84,0,84,0,"	108,118" 
2020-06-02T20:00:00Z,"DIA   200626P00245000",2020-06-09T20:00:00Z,Sell,3.85,0.85,1,300,2,0,306.5,23,1,"	111,119" 
2020-06-02T20:00:00Z,"DIA   200626P00225000",2020-06-09T20:00:00Z,Buy,1.35,0.17,1,-118,2,-118,0,118,0,"	112,120" 
2020-06-02T20:00:00Z,"QQQ   200626P00225000",2020-06-19T20:00:00Z,Sell,3.42,0.42,1,300,2,-56,310,299,1,"	109,121" 
2020-06-02T20:00:00Z,"QQQ   200626P00212000",2020-06-19T20:00:00Z,Buy,1.47,0.12,1,-135,2,-139,21,160,0,"	110,122" 
2020-06-02T20:00:00Z,"GLD   200626P00160500",2020-06-22T20:00:00Z,Sell,1.25,0.3,1,95,2,-271,109,271,1,"	113,123" 
2020-06-02T20:00:00Z,"GLD   200626P00155500",2020-06-22T20:00:00Z,Buy,0.32,0.03,1,-29,2,-30,93.5,123.5,0,"	114,124" 
2020-07-02T20:00:00Z,"SPY   200727P00278000",2020-07-28T04:00:00Z,Buy,1.37,0,1,-137,1,-137,0,137,0,"	126,135" 
2020-07-02T20:00:00Z,"SPY   200727P00300000",2020-07-28T04:00:00Z,Sell,4.29,0,1,429,1,0,429,74,1,"	125,136" 
2020-07-02T20:00:00Z,"DIA   200731P00225000",2020-08-01T04:00:00Z,Buy,1.64,0,1,-164,1,-164,0,164,0,"	132,137" 
2020-07-02T20:00:00Z,"DIA   200731P00246000",2020-08-01T04:00:00Z,Sell,4.5,0,1,450,1,0,450,112,1,"	131,138" 
2020-07-02T20:00:00Z,"GLD   200731P00156000",2020-08-01T04:00:00Z,Buy,0.41,0,1,-41,1,-41,0,41,0,"	134,139" 
2020-07-02T20:00:00Z,"GLD   200731P00163000",2020-08-01T04:00:00Z,Sell,1.52,0,1,152,1,0,152,12,1,"	133,140" 
2020-07-02T20:00:00Z,"IWM   200731P00120000",2020-08-01T04:00:00Z,Buy,0.87,0,1,-87,1,-87,0,87,0,"	128,141" 
2020-07-02T20:00:00Z,"IWM   200731P00135000",2020-08-01T04:00:00Z,Sell,3.26,0,1,326,1,-21,326,95,1,"	127,142" 
2020-07-02T20:00:00Z,"QQQ   200731P00219000",2020-08-01T04:00:00Z,Buy,1.34,0,1,-134,1,-134,0,134,0,"	130,143" 
2020-07-02T20:00:00Z,"QQQ   200731P00240000",2020-08-01T04:00:00Z,Sell,4.15,0,1,415,1,0,415,130,1,"	129,144" 
2020-08-04T20:00:00Z,"IWM   200828P00143500",2020-08-11T20:00:00Z,Sell,2.45,0.71,1,174,2,0,175.5,24.5,1,"	147,155" 
2020-08-04T20:00:00Z,"IWM   200828P00133000",2020-08-11T20:00:00Z,Buy,0.78,0.22,1,-56,2,-56,0,56,0,"	148,156" 
2020-08-04T20:00:00Z,"SPY   200828P00319000",2020-08-17T20:00:00Z,Sell,3.8,0.91,1,289,2,0,326.5,74.5,1,"	145,157" 
2020-08-04T20:00:00Z,"SPY   200828P00298000",2020-08-17T20:00:00Z,Buy,1.22,0.23,1,-99,2,-108.5,0,108.5,0,"	146,158" 
2020-08-04T20:00:00Z,"DIA   200828P00258000",2020-08-17T20:00:00Z,Sell,3.05,0.62,1,243,2,0,277.5,37.5,1,"	151,159" 
2020-08-04T20:00:00Z,"DIA   200828P00240000",2020-08-17T20:00:00Z,Buy,1.04,0.1,1,-94,2,-96.5,0,96.5,0,"	152,160" 
2020-08-04T20:00:00Z,"QQQ   200828P00260000",2020-08-18T20:00:00Z,Sell,4.21,1,1,321,2,-24,359.5,198,1,"	149,161" 
2020-08-04T20:00:00Z,"QQQ   200828P00240000",2020-08-18T20:00:00Z,Buy,1.19,0.16,1,-103,2,-106.5,0,106.5,0,"	150,162" 
2020-08-04T20:00:00Z,"GLD   200828P00181000",2020-08-28T20:00:00Z,Sell,1.97,0.9,1,107,2,-278,196,401,1,"	153,163" 
2020-08-04T20:00:00Z,"GLD   200828P00173000",2020-08-28T20:00:00Z,Buy,0.54,0.02,1,-52,2,-53,108.5,161.5,0,"	154,164" 
2020-09-02T20:00:00Z,"SPY   200928P00342000",2020-09-24T04:00:00Z,Sell,4.34,0,1,434,1,-1505.5,434,1598,0,"	165,175" 
2020-09-02T20:00:00Z,"QQQ   200930P00287000",2020-09-26T04:00:00Z,Sell,5.71,0,1,571,1,-1773,571,1775,0,"	169,176" 
2020-09-02T20:00:00Z,"SPY   200928P00315000",2020-09-29T04:00:00Z,Buy,1.49,0,1,-149,1,-149,196,345,0,"	166,177" 
2020-09-02T20:00:00Z,"DIA   200930P00255000",2020-10-01T04:00:00Z,Buy,1.39,0,1,-139,1,-139,100,239,0,"	172,178" 
2020-09-02T20:00:00Z,"DIA   200930P00277000",2020-10-01T04:00:00Z,Sell,3.95,0,1,395,1,-779,395,889,1,"	171,179" 
2020-09-02T20:00:00Z,"GLD   200930P00171000",2020-10-01T04:00:00Z,Buy,0.54,0,1,-54,1,-54,41,95,0,"	174,180" 
2020-09-02T20:00:00Z,"GLD   200930P00180000",2020-10-01T04:00:00Z,Sell,2.02,0,1,202,1,-373,202,490.5,0,"	173,181" 
2020-09-02T20:00:00Z,"IWM   200930P00138000",2020-10-01T04:00:00Z,Buy,0.86,0,1,-86,1,-86,101,187,0,"	168,182" 
2020-09-02T20:00:00Z,"IWM   200930P00151000",2020-10-01T04:00:00Z,Sell,2.8,0,1,280,1,-480,280,564,1,"	167,183" 
2020-09-02T20:00:00Z,"QQQ   200930P00262000",2020-10-01T04:00:00Z,Buy,1.85,0,1,-185,1,-185,566.5,751.5,0,"	170,184" 
2020-09-24T04:00:00Z,"SPY",2020-10-02T20:00:00Z,Buy,342,331.71,100,-1029,1,-1850,0,1850,0,"	175,195" 
2020-09-26T04:00:00Z,"QQQ",2020-10-02T20:00:00Z,Buy,287,276.02,100,-1098,1,-1269,0,1269,0,"	176,197" 
2020-10-01T04:00:00Z,"IWM",2020-10-02T20:00:00Z,Buy,151,149.43,100,-157,1,-157,185,342,0,"	183,196" 
2020-10-01T04:00:00Z,"GLD",2020-10-02T20:00:00Z,Buy,180,178.69,100,-131,1,-146,0,146,0,"	181,198" 
2020-10-02T20:00:00Z,"SPY   201026P00305000",2020-10-27T04:00:00Z,Buy,1.36,0,1,-136,1,-136,8.5,144.5,0,"	186,199" 
2020-10-02T20:00:00Z,"SPY   201026P00326000",2020-10-27T04:00:00Z,Sell,4.41,0,1,441,1,-72,441,190.5,1,"	185,200" 
2020-10-02T20:00:00Z,"DIA   201030P00250000",2020-10-31T04:00:00Z,Buy,1.21,0,1,-121,1,-121,0,121,0,"	192,201" 
2020-10-02T20:00:00Z,"DIA   201030P00269000",2020-10-31T04:00:00Z,Sell,3.9,0,1,390,1,-132,390,501.5,0,"	191,202" 
2020-10-02T20:00:00Z,"GLD   201030P00166500",2020-10-31T04:00:00Z,Buy,0.51,0,1,-51,1,-51,2,53,0,"	194,203" 
2020-10-02T20:00:00Z,"GLD   201030P00174500",2020-10-31T04:00:00Z,Sell,1.74,0,1,174,1,-46,174,112,1,"	193,204" 
2020-10-02T20:00:00Z,"IWM   201030P00130000",2020-10-31T04:00:00Z,Buy,0.64,0,1,-64,1,-64,0,64,0,"	188,205" 
2020-10-02T20:00:00Z,"IWM   201030P00145500",2020-10-31T04:00:00Z,Sell,2.95,0,1,295,1,0,295,40,1,"	187,206" 
2020-10-02T20:00:00Z,"QQQ   201030P00246000",2020-10-31T04:00:00Z,Buy,1.55,0,1,-155,1,-155,75.5,230.5,0,"	190,207" 
2020-10-02T20:00:00Z,"QQQ   201030P00270000",2020-10-31T04:00:00Z,Sell,5.54,0,1,554,1,-260.5,554,260.5,1,"	189,208" 
2020-10-31T04:00:00Z,"QQQ",2020-12-02T21:00:00Z,Buy,270,302.25,100,3225,1,-2,3385,1119,1,"	208,239" 
2020-10-31T04:00:00Z,"DIA",2020-12-02T21:00:00Z,Buy,269,297.05,100,2805,1,0,3143,745,1,"	202,240" 
2020-11-03T21:00:00Z,"SPY   201127P00315000",2020-11-06T21:00:00Z,Sell,6.3,1.48,1,482,2,0,540,58,1,"	209,219" 
2020-11-03T21:00:00Z,"SPY   201127P00295000",2020-11-06T21:00:00Z,Buy,2.82,0.59,1,-223,2,-248.5,0,248.5,0,"	210,220" 
2020-11-03T21:00:00Z,"IWM   201127P00148000",2020-11-06T21:00:00Z,Sell,3.49,0.79,1,270,2,0,285.5,15.5,1,"	211,221" 
2020-11-03T21:00:00Z,"IWM   201127P00135000",2020-11-06T21:00:00Z,Buy,1.22,0.19,1,-103,2,-106.5,0,106.5,0,"	212,222" 
2020-11-03T21:00:00Z,"QQQ   201127P00257500",2020-11-06T21:00:00Z,Sell,6.11,1.2,1,491,2,0,536,45,1,"	213,223" 
2020-11-03T21:00:00Z,"QQQ   201127P00237500",2020-11-06T21:00:00Z,Buy,2.27,0.44,1,-183,2,-200.5,0,200.5,0,"	214,224" 
2020-11-03T21:00:00Z,"GLD   201127P00173000",2020-11-06T21:00:00Z,Sell,1.9,0.5,1,140,2,0,156,16,1,"	217,225" 
2020-11-03T21:00:00Z,"GLD   201127P00165000",2020-11-06T21:00:00Z,Buy,0.54,0.11,1,-43,2,-46,0,46,0,"	218,226" 
2020-11-03T21:00:00Z,"DIA   201127P00257500",2020-11-09T21:00:00Z,Sell,4.85,1.07,1,378,2,0,443.5,65.5,1,"	215,227" 
2020-11-03T21:00:00Z,"DIA   201127P00235000",2020-11-09T21:00:00Z,Buy,1.73,0.15,1,-158,2,-161,0,161,0,"	216,228" 
2020-12-02T21:00:00Z,"SPY   201228P00335000",2020-12-29T05:00:00Z,Buy,1.31,0,1,-131,1,-131,0,131,0,"	230,241" 
2020-12-02T21:00:00Z,"SPY   201228P00356000",2020-12-29T05:00:00Z,Sell,3.91,0,1,391,1,0,391,101.5,1,"	229,242" 
2020-12-02T21:00:00Z,"DIA   201231P00270000",2021-01-01T05:00:00Z,Buy,1.12,0,1,-112,1,-112,0,112,0,"	236,243" 
2020-12-02T21:00:00Z,"DIA   201231P00289000",2021-01-01T05:00:00Z,Sell,3.5,0,1,350,1,0,350,37,1,"	235,244" 
2020-12-02T21:00:00Z,"GLD   201231P00159000",2021-01-01T05:00:00Z,Buy,0.44,0,1,-44,1,-44,0,44,0,"	238,245" 
2020-12-02T21:00:00Z,"GLD   201231P00166000",2021-01-01T05:00:00Z,Sell,1.56,0,1,156,1,0,156,44,1,"	237,246" 
2020-12-02T21:00:00Z,"IWM   201231P00161000",2021-01-01T05:00:00Z,Buy,0.9,0,1,-90,1,-90,0,90,0,"	232,247" 
2020-12-02T21:00:00Z,"IWM   201231P00175000",2021-01-01T05:00:00Z,Sell,3.12,0,1,312,1,0,312,29.5,1,"	231,248" 
2020-12-02T21:00:00Z,"QQQ   201231P00272000",2021-01-01T05:00:00Z,Buy,1.29,0,1,-129,1,-129,10,139,0,"	234,249" 
2020-12-02T21:00:00Z,"QQQ   201231P00293000",2021-01-01T05:00:00Z,Sell,4.18,0,1,418,1,-3,418,199.5,1,"	233,250" 
2021-01-05T21:00:00Z,"IWM   210129P00185000",2021-01-08T21:00:00Z,Sell,3.54,0.8,1,274,2,0,275.5,16.5,1,"	253,261" 
2021-01-05T21:00:00Z,"IWM   210129P00177000",2021-01-08T21:00:00Z,Buy,2.04,0.42,1,-162,2,-163,0,163,0,"	254,262" 
2021-01-05T21:00:00Z,"DIA   210129P00292500",2021-01-14T21:00:00Z,Sell,3.55,0.9,1,265,2,0,272,43.5,1,"	257,263" 
2021-01-05T21:00:00Z,"DIA   210129P00275000",2021-01-14T21:00:00Z,Buy,1.24,0.3,1,-94,2,-98,0,98,0,"	258,264" 
2021-01-05T21:00:00Z,"QQQ   210129P00297500",2021-01-20T21:00:00Z,Sell,5.05,1.07,1,398,2,-3,470,111.5,1,"	255,265" 
2021-01-05T21:00:00Z,"QQQ   210129P00281000",2021-01-20T21:00:00Z,Buy,2.33,0.29,1,-204,2,-220.5,0,220.5,0,"	256,266" 
2021-01-05T21:00:00Z,"SPY   210129P00357000",2021-01-21T21:00:00Z,Sell,4.05,0.38,1,367,2,0,381,52,1,"	251,267" 
2021-01-05T21:00:00Z,"SPY   210129P00341000",2021-01-21T21:00:00Z,Buy,2.41,0.15,1,-226,2,-231,0,231,0,"	252,268" 
2021-01-05T21:00:00Z,"GLD   210129P00178000",2021-01-29T21:00:00Z,Sell,1.8,5.45,1,-365,2,-550,4.5,554.5,0,"	259,269" 
2021-01-05T21:00:00Z,"GLD   210129P00170500",2021-01-29T21:00:00Z,Buy,0.49,0.2,1,-29,2,-48,212,260,0,"	260,270" 
2021-02-02T21:00:00Z,"IWM   210226P00201000",2021-02-08T21:00:00Z,Sell,3.82,0.94,1,288,2,0,319,31,1,"	273,281" 
2021-02-02T21:00:00Z,"IWM   210226P00182500",2021-02-08T21:00:00Z,Buy,1.15,0.19,1,-96,2,-100,0,100,0,"	274,282" 
2021-02-02T21:00:00Z,"QQQ   210226P00309000",2021-02-08T21:00:00Z,Sell,5.48,1.46,1,402,2,0,433,31,1,"	275,283" 
2021-02-02T21:00:00Z,"QQQ   210226P00282000",2021-02-08T21:00:00Z,Buy,1.83,0.37,1,-146,2,-149.5,0,149.5,0,"	276,284" 
2021-02-02T21:00:00Z,"SPY   210226P00363000",2021-02-09T21:00:00Z,Sell,5.45,0.99,1,446,2,0,450,29,1,"	271,285" 
2021-02-02T21:00:00Z,"SPY   210226P00340000",2021-02-09T21:00:00Z,Buy,2.38,0.31,1,-207,2,-208.5,0,208.5,0,"	272,286" 
2021-02-02T21:00:00Z,"DIA   210226P00292500",2021-02-09T21:00:00Z,Sell,4.1,0.69,1,341,2,0,359,18,1,"	277,287" 
2021-02-02T21:00:00Z,"DIA   210226P00270000",2021-02-09T21:00:00Z,Buy,1.33,0.14,1,-119,2,-119,0,119,0,"	278,288" 
2021-02-02T21:00:00Z,"GLD   210226P00170000",2021-02-26T21:00:00Z,Sell,1.55,0,1,155,1,-655,155,691,0,"	279,291" 
2021-02-02T21:00:00Z,"GLD   210226P00162500",2021-02-26T21:00:00Z,Buy,0.37,0.25,1,-12,2,-33,51,84,0,"	280,290" 
2021-02-26T21:00:00Z,"GLD   210226P00170000",2021-02-27T05:00:00Z,Buy,4.3,0,1,-430,1,-430,380,810,1,"	289,292" 
2021-02-26T21:00:00Z,"GLD",2021-02-27T05:00:00Z,Buy,170,170,100,0,0,0,0,0,0,"	291,292" 
2021-03-02T21:00:00Z,"DIA   210326P00307000",2021-03-15T20:00:00Z,Sell,3.35,0.57,1,278,2,-424,306,424,1,"	299,303" 
2021-03-02T21:00:00Z,"DIA   210326P00287500",2021-03-15T20:00:00Z,Buy,1.14,0.13,1,-101,2,-104.5,66,170.5,0,"	300,304" 
2021-03-02T21:00:00Z,"SPY   210326P00378000",2021-03-16T20:00:00Z,Sell,4.4,0.89,1,351,2,-560,353,560,1,"	293,305" 
2021-03-02T21:00:00Z,"SPY   210326P00352000",2021-03-16T20:00:00Z,Buy,1.53,0.15,1,-138,2,-139,176.5,315.5,0,"	294,306" 
2021-03-02T21:00:00Z,"IWM   210326P00216000",2021-03-16T20:00:00Z,Sell,4,0.83,1,317,2,-553,318.5,553,1,"	295,307" 
2021-03-02T21:00:00Z,"IWM   210326P00197500",2021-03-16T20:00:00Z,Buy,1.28,0.14,1,-114,2,-116,180,296,0,"	296,308" 
2021-03-02T21:00:00Z,"GLD   210326P00157500",2021-03-18T20:00:00Z,Sell,1.7,0.21,1,149,2,-99,150,142.5,1,"	301,309" 
2021-03-02T21:00:00Z,"GLD   210326P00149500",2021-03-18T20:00:00Z,Buy,0.48,0.01,1,-47,2,-47,18.5,65.5,0,"	302,310" 
2021-03-02T21:00:00Z,"QQQ   210326P00312000",2021-03-26T20:00:00Z,Sell,4.92,2.3,1,262,2,-1100.5,491,1100.5,1,"	297,311" 
2021-03-02T21:00:00Z,"QQQ   210326P00287500",2021-03-26T20:00:00Z,Buy,1.58,0.01,1,-157,2,-157,357.5,514.5,0,"	298,312" 
2021-04-05T20:00:00Z,"SPY   210426P00375000",2021-04-27T04:00:00Z,Buy,1.11,0,1,-111,1,-111,0,111,0,"	314,323" 
2021-04-05T20:00:00Z,"SPY   210426P00395000",2021-04-27T04:00:00Z,Sell,3.48,0,1,348,1,0,348,12.5,1,"	313,324" 
2021-04-05T20:00:00Z,"DIA   210430P00307500",2021-05-01T04:00:00Z,Buy,1.02,0,1,-102,1,-102,0,102,0,"	320,325" 
2021-04-05T20:00:00Z,"DIA   210430P00324000",2021-05-01T04:00:00Z,Sell,2.88,0,1,288,1,0,288,23.5,1,"	319,326" 
2021-04-05T20:00:00Z,"GLD   210430P00152500",2021-05-01T04:00:00Z,Buy,0.4,0,1,-40,1,-40,0,40,0,"	322,327" 
2021-04-05T20:00:00Z,"GLD   210430P00158500",2021-05-01T04:00:00Z,Sell,1.22,0,1,122,1,0,122,21.5,1,"	321,328" 
2021-04-05T20:00:00Z,"IWM   210430P00199000",2021-05-01T04:00:00Z,Buy,1.06,0,1,-106,1,-106,0,106,0,"	316,329" 
2021-04-05T20:00:00Z,"IWM   210430P00215000",2021-05-01T04:00:00Z,Sell,3.36,0,1,336,1,-22,336,214,1,"	315,330" 
2021-04-05T20:00:00Z,"QQQ   210430P00295000",2021-05-01T04:00:00Z,Buy,1.35,0,1,-135,1,-135,0,135,0,"	318,331" 
2021-04-05T20:00:00Z,"QQQ   210430P00314000",2021-05-01T04:00:00Z,Sell,4.07,0,1,407,1,0,407,31.5,1,"	317,332" 
2021-05-04T20:00:00Z,"GLD   210528P00165000",2021-05-11T20:00:00Z,Sell,1.09,0.38,1,71,2,-46,73,46,1,"	341,343" 
2021-05-04T20:00:00Z,"GLD   210528P00159500",2021-05-11T20:00:00Z,Buy,0.31,0.17,1,-14,2,-15,10.5,25.5,0,"	342,344" 
2021-05-04T20:00:00Z,"SPY   210528P00409000",2021-05-25T20:00:00Z,Sell,4.44,0.38,1,406,2,-508,408.5,735,1,"	333,345" 
2021-05-04T20:00:00Z,"SPY   210528P00387000",2021-05-25T20:00:00Z,Buy,1.61,0.05,1,-156,2,-156.5,182,338.5,0,"	334,346" 
2021-05-04T20:00:00Z,"QQQ   210528P00326000",2021-05-25T20:00:00Z,Sell,0.2,0.9,1,-70,2,-1261,0,1261,0,"	337,347" 
2021-05-04T20:00:00Z,"QQQ   210528P00306000",2021-05-25T20:00:00Z,Buy,6.27,0.07,1,-620,2,-622.5,0,622.5,0,"	338,348" 
2021-05-04T20:00:00Z,"DIA   210528P00334000",2021-05-25T20:00:00Z,Sell,1.57,0.29,1,128,2,-353,136.5,399,1,"	339,349" 
2021-05-04T20:00:00Z,"DIA   210528P00320000",2021-05-25T20:00:00Z,Buy,6.05,0.08,1,-597,2,-597.5,0,597.5,0,"	340,350" 
2021-05-04T20:00:00Z,"IWM   210528P00219000",2021-05-27T20:00:00Z,Sell,1.16,0.29,1,87,2,-862,111,862,1,"	335,351" 
2021-05-04T20:00:00Z,"IWM   210528P00205000",2021-05-27T20:00:00Z,Buy,1.52,0.01,1,-151,2,-151,225.5,376.5,0,"	336,352" 
2021-06-02T20:00:00Z,"QQQ   210628P00304000",2021-06-29T04:00:00Z,Buy,1.22,0,1,-122,1,-122,10,132,0,"	358,363" 
2021-06-02T20:00:00Z,"QQQ   210628P00323000",2021-06-29T04:00:00Z,Sell,3.63,0,1,363,1,-72,363,111,1,"	357,364" 
2021-06-02T20:00:00Z,"SPY   210628P00388000",2021-06-29T04:00:00Z,Buy,1.34,0,1,-134,1,-134,0,134,0,"	354,365" 
2021-06-02T20:00:00Z,"SPY   210628P00410000",2021-06-29T04:00:00Z,Sell,3.65,0,1,365,1,0,365,165.5,1,"	353,366" 
2021-06-02T20:00:00Z,"GLD   210630P00174000",2021-06-29T20:00:00Z,Sell,1.18,0,1,118,1,-799.5,118,840.5,0,"	361,367" 
2021-06-02T20:00:00Z,"DIA   210630P00323000",2021-07-01T04:00:00Z,Buy,0.93,0,1,-93,1,-93,51,144,0,"	360,368" 
2021-06-02T20:00:00Z,"DIA   210630P00339000",2021-07-01T04:00:00Z,Sell,2.73,0,1,273,1,-452,273,557.5,1,"	359,369" 
2021-06-02T20:00:00Z,"GLD   210630P00168000",2021-07-01T04:00:00Z,Buy,0.37,0,1,-37,1,-37,345.5,382.5,1,"	362,370" 
2021-06-02T20:00:00Z,"IWM   210630P00206000",2021-07-01T04:00:00Z,Buy,0.94,0,1,-94,1,-94,21,115,0,"	356,371" 
2021-06-02T20:00:00Z,"IWM   210630P00221000",2021-07-01T04:00:00Z,Sell,3.01,0,1,301,1,-63.5,301,232,1,"	355,372" 
2021-06-29T20:00:00Z,"GLD",2021-07-01T04:00:00Z,Buy,174,168,100,-60000,0,-83700,0,83700,0,"	367,370" 
2021-07-02T20:00:00Z,"QQQ   210726P00328000",2021-07-27T04:00:00Z,Buy,0.99,0,1,-99,1,-99,0,99,0,"	378,383" 
2021-07-02T20:00:00Z,"QQQ   210726P00346000",2021-07-27T04:00:00Z,Sell,2.89,0,1,289,1,0,289,96,1,"	377,384" 
2021-07-02T20:00:00Z,"SPY   210726P00405000",2021-07-27T04:00:00Z,Buy,1.04,0,1,-104,1,-104,13,117,0,"	374,385" 
2021-07-02T20:00:00Z,"SPY   210726P00423000",2021-07-27T04:00:00Z,Sell,2.61,0,1,261,1,-85,261,265,1,"	373,386" 
2021-07-02T20:00:00Z,"DIA   210730P00326000",2021-07-31T04:00:00Z,Buy,1.05,0,1,-105,1,-105,55,160,0,"	380,387" 
2021-07-02T20:00:00Z,"DIA   210730P00340000",2021-07-31T04:00:00Z,Sell,2.41,0,1,241,1,-304,241,418,1,"	379,388" 
2021-07-02T20:00:00Z,"GLD   210730P00156000",2021-07-31T04:00:00Z,Buy,0.36,0,1,-36,1,-36,0,36,0,"	382,389" 
2021-07-02T20:00:00Z,"GLD   210730P00162500",2021-07-31T04:00:00Z,Sell,1.24,0,1,124,1,0,124,9,1,"	381,390" 
2021-07-02T20:00:00Z,"IWM   210730P00211000",2021-07-31T04:00:00Z,Buy,0.85,0,1,-85,1,-85,348,433,0,"	376,391" 
2021-07-02T20:00:00Z,"IWM   210730P00225000",2021-07-31T04:00:00Z,Sell,2.67,0,1,267,1,-1109,267,1109,0,"	375,392" 
2021-07-31T04:00:00Z,"IWM",2021-10-04T20:00:00Z,Buy,225,222.2,100,-280,1,-1306,402,1306,0,"	392,443" 
2021-08-03T20:00:00Z,"SPY   210827P00427000",2021-08-13T20:00:00Z,Sell,3.92,0.88,1,304,2,0,328,28.5,1,"	393,403" 
2021-08-03T20:00:00Z,"SPY   210827P00406000",2021-08-13T20:00:00Z,Buy,1.65,0.27,1,-138,2,-141.5,0,141.5,0,"	394,404" 
2021-08-03T20:00:00Z,"DIA   210827P00340000",2021-08-13T20:00:00Z,Sell,3,0.74,1,226,2,0,243.5,45.5,1,"	399,405" 
2021-08-03T20:00:00Z,"DIA   210827P00320000",2021-08-13T20:00:00Z,Buy,1.05,0.2,1,-85,2,-89,0,89,0,"	400,406" 
2021-08-03T20:00:00Z,"QQQ   210827P00355000",2021-08-16T20:00:00Z,Sell,3.83,0.9,1,293,2,0,301.5,40,1,"	397,407" 
2021-08-03T20:00:00Z,"QQQ   210827P00334000",2021-08-16T20:00:00Z,Buy,1.3,0.23,1,-107,2,-107,0,107,0,"	398,408" 
2021-08-03T20:00:00Z,"IWM   210827P00212500",2021-08-24T20:00:00Z,Sell,3.16,0.4,1,276,2,-93,298,314.5,1,"	395,409" 
2021-08-03T20:00:00Z,"IWM   210827P00198000",2021-08-24T20:00:00Z,Buy,0.97,0.04,1,-93,2,-95,0,95,0,"	396,410" 
2021-08-03T20:00:00Z,"GLD   210827P00166500",2021-08-27T20:00:00Z,Sell,1.11,0.31,1,80,2,-434,110,443,1,"	401,411" 
2021-08-03T20:00:00Z,"GLD   210827P00161500",2021-08-27T20:00:00Z,Buy,0.35,0.02,1,-33,2,-34,187,221,0,"	402,412" 
2021-09-02T20:00:00Z,"SPY   210927P00443000",2021-09-27T20:00:00Z,Sell,3.26,1.04,1,222,2,-661,290.5,718,1,"	413,423" 
2021-09-02T20:00:00Z,"SPY   210927P00420000",2021-09-27T20:00:00Z,Buy,1.21,0.05,1,-116,2,-120,66,186,0,"	414,424" 
2021-09-02T20:00:00Z,"QQQ   210927P00372000",2021-09-27T20:00:00Z,Sell,3.47,0.92,1,255,2,-528,260,684,1,"	417,425" 
2021-09-02T20:00:00Z,"QQQ   210927P00350000",2021-09-27T20:00:00Z,Buy,1.26,0.01,1,-125,2,-125,5.5,130.5,0,"	418,426" 
2021-09-02T20:00:00Z,"IWM   210930P00220000",2021-09-28T20:00:00Z,Sell,2.85,0.33,1,252,2,-303,253,342.5,1,"	415,427" 
2021-09-02T20:00:00Z,"IWM   210930P00205000",2021-09-28T20:00:00Z,Buy,0.95,0.03,1,-92,2,-92,38,130,0,"	416,428" 
2021-09-02T20:00:00Z,"DIA   210930P00345000",2021-09-30T20:00:00Z,Sell,2.48,2.07,1,41,2,-504.5,183.5,588,1,"	419,429" 
2021-09-02T20:00:00Z,"DIA   210930P00329000",2021-09-30T20:00:00Z,Buy,0.97,0.05,1,-92,2,-96,151,247,0,"	420,430" 
2021-09-02T20:00:00Z,"GLD   210930P00166000",2021-09-30T20:00:00Z,Sell,1.11,4.75,1,-364,2,-364,36.5,400.5,0,"	421,431" 
2021-09-02T20:00:00Z,"GLD   210930P00160000",2021-09-30T20:00:00Z,Buy,0.34,0.27,1,-7,2,-33,33,66,0,"	422,432" 
2021-10-04T20:00:00Z,"QQQ   211027P00327000",2021-10-28T04:00:00Z,Buy,1.6,0,1,-160,1,-160,113.5,273.5,0,"	438,444" 
2021-10-04T20:00:00Z,"QQQ   211027P00349000",2021-10-28T04:00:00Z,Sell,4.5,0,1,450,1,-343.5,450,343.5,1,"	437,445" 
2021-10-04T20:00:00Z,"SPY   211027P00397000",2021-10-28T04:00:00Z,Buy,1.5,0,1,-150,1,-150,60,210,0,"	434,446" 
2021-10-04T20:00:00Z,"SPY   211027P00422000",2021-10-28T04:00:00Z,Sell,4.74,0,1,474,1,-206.5,474,206.5,1,"	433,447" 
2021-10-04T20:00:00Z,"DIA   211029P00315000",2021-10-30T04:00:00Z,Buy,1.31,0,1,-131,1,-131,32,163,0,"	440,448" 
2021-10-04T20:00:00Z,"DIA   211029P00334000",2021-10-30T04:00:00Z,Sell,3.55,0,1,355,1,-120,355,120,1,"	439,449" 
2021-10-04T20:00:00Z,"GLD   211029P00154500",2021-10-30T04:00:00Z,Buy,0.39,0,1,-39,1,-39,0,39,0,"	442,450" 
2021-10-04T20:00:00Z,"GLD   211029P00161000",2021-10-30T04:00:00Z,Sell,1.28,0,1,128,1,0,128,22,1,"	441,451" 
2021-10-04T20:00:00Z,"IWM   211029P00198500",2021-10-30T04:00:00Z,Buy,1,0,1,-100,1,-100,9.5,109.5,0,"	436,452" 
2021-10-04T20:00:00Z,"IWM   211029P00214000",2021-10-30T04:00:00Z,Sell,3.21,0,1,321,1,-58,321,60,1,"	435,453" 
2021-11-02T20:00:00Z,"GLD   211126P00164500",2021-11-10T21:00:00Z,Sell,1.24,0.31,1,93,2,-69,106.5,69,1,"	462,464" 
2021-11-02T20:00:00Z,"GLD   211126P00158500",2021-11-10T21:00:00Z,Buy,0.35,0.08,1,-27,2,-29.5,7,36.5,0,"	463,465" 
2021-11-02T20:00:00Z,"SPY   211126P00451000",2021-11-15T21:00:00Z,Sell,3.43,0.85,1,258,2,0,284.5,90.5,1,"	454,466" 
2021-11-02T20:00:00Z,"SPY   211126P00429000",2021-11-15T21:00:00Z,Buy,1.21,0.24,1,-97,2,-105.5,0,105.5,0,"	455,467" 
2021-11-02T20:00:00Z,"IWM   211126P00227500",2021-11-15T21:00:00Z,Sell,2.55,0.59,1,196,2,0,205,68.5,1,"	456,468" 
2021-11-02T20:00:00Z,"IWM   211126P00215000",2021-11-15T21:00:00Z,Buy,0.83,0.15,1,-68,2,-70,0,70,0,"	457,469" 
2021-11-02T20:00:00Z,"QQQ   211126P00379000",2021-11-16T21:00:00Z,Sell,3.53,0.84,1,269,2,0,308,159,1,"	458,470" 
2021-11-02T20:00:00Z,"QQQ   211126P00359000",2021-11-16T21:00:00Z,Buy,1.11,0.18,1,-93,2,-98,0,98,0,"	459,471" 
2021-11-02T20:00:00Z,"DIA   211126P00352000",2021-11-17T21:00:00Z,Sell,2.59,0.44,1,215,2,0,220,60.5,1,"	460,472" 
2021-11-02T20:00:00Z,"DIA   211126P00337000",2021-11-17T21:00:00Z,Buy,0.91,0.09,1,-82,2,-82,0,82,0,"	461,473" 
2021-12-02T21:00:00Z,"IWM   211227P00202000",2021-12-08T21:00:00Z,Sell,4.82,1.14,1,368,2,0,412,156,1,"	474,484" 
2021-12-02T21:00:00Z,"IWM   211227P00185000",2021-12-08T21:00:00Z,Buy,2.15,0.39,1,-176,2,-191,12,203,0,"	475,485" 
2021-12-02T21:00:00Z,"DIA   211231P00328000",2021-12-08T21:00:00Z,Sell,5.05,1.35,1,370,2,-7,408,132,1,"	478,486" 
2021-12-02T21:00:00Z,"DIA   211231P00310000",2021-12-08T21:00:00Z,Buy,2.53,0.69,1,-184,2,-202,0,202,0,"	479,487" 
2021-12-02T21:00:00Z,"GLD   211231P00162000",2021-12-17T21:00:00Z,Sell,1.41,0.26,1,115,2,-29,121,32,1,"	480,488" 
2021-12-02T21:00:00Z,"GLD   211231P00155000",2021-12-17T21:00:00Z,Buy,0.47,0.04,1,-43,2,-43,5,48,0,"	481,489" 
2021-12-02T21:00:00Z,"QQQ   211227P00376000",2021-12-22T21:00:00Z,Sell,4.67,0.65,1,402,2,-536,457.5,536,1,"	476,490" 
2021-12-02T21:00:00Z,"QQQ   211227P00362000",2021-12-22T21:00:00Z,Buy,2.67,0.13,1,-254,2,-266,355.5,621.5,0,"	477,491" 
2021-12-03T21:00:00Z,"SPY   211227P00418000",2021-12-28T05:00:00Z,Buy,2.6,0,1,-260,1,-260,169.5,429.5,0,"	483,492" 
2021-12-03T21:00:00Z,"SPY   211227P00442000",2021-12-28T05:00:00Z,Sell,5.74,0,1,574,1,-311.5,574,311.5,1,"	482,493" 
2022-01-04T21:00:00Z,"GLD   220128P00165500",2022-01-21T21:00:00Z,Sell,1.23,0.19,1,104,2,-36,104.5,71,1,"	502,504" 
2022-01-04T21:00:00Z,"GLD   220128P00159500",2022-01-21T21:00:00Z,Buy,0.33,0.04,1,-29,2,-29,9,38,0,"	503,505" 
2022-01-04T21:00:00Z,"IWM   220128P00219000",2022-01-24T05:00:00Z,Sell,2.45,0,1,245,1,-1853.5,245,1853.5,0,"	496,506" 
2022-01-04T21:00:00Z,"QQQ   220128P00391000",2022-01-24T05:00:00Z,Sell,3.92,0,1,392,1,-3043,392,3043,0,"	498,507" 
2022-01-04T21:00:00Z,"SPY   220128P00469000",2022-01-24T05:00:00Z,Sell,3.63,0,1,363,1,-2734,363,2734,0,"	494,508" 
2022-01-04T21:00:00Z,"SPY   220128P00447000",2022-01-24T21:00:00Z,Buy,1.26,11.25,1,999,2,-4,1058.5,148.5,1,"	495,510" 
2022-01-04T21:00:00Z,"IWM   220128P00206000",2022-01-24T21:00:00Z,Buy,0.83,9.25,1,842,2,-6,912,70,1,"	497,512" 
2022-01-04T21:00:00Z,"QQQ   220128P00369000",2022-01-24T21:00:00Z,Buy,1.36,14.25,1,1289,2,0,2690.5,1401.5,1,"	499,514" 
2022-01-04T21:00:00Z,"DIA   220128P00358000",2022-01-28T21:00:00Z,Sell,2.85,16.85,1,-1400,2,-1699,67,1766,0,"	500,515" 
2022-01-04T21:00:00Z,"DIA   220128P00341000",2022-01-28T21:00:00Z,Buy,1.05,2.18,1,113,2,-104,285,389,1,"	501,516" 
2022-01-24T05:00:00Z,"SPY",2022-01-24T21:00:00Z,Buy,469,432,100,-3700,1,-3700,0,3700,0,"	508,509" 
2022-01-24T05:00:00Z,"IWM",2022-01-24T21:00:00Z,Buy,219,194.1,100,-2490,1,-2490,0,2490,0,"	506,511" 
2022-01-24T05:00:00Z,"QQQ",2022-01-24T21:00:00Z,Buy,391,345.39,100,-4561,1,-4561,0,4561,0,"	507,513" 
2022-02-02T21:00:00Z,"QQQ   220228P00351000",2022-02-24T05:00:00Z,Sell,6.02,0,1,602,1,-1415,602,1718.5,0,"	521,527" 
2022-02-02T21:00:00Z,"IWM   220228P00181000",2022-03-01T05:00:00Z,Buy,1.01,0,1,-101,1,-101,76,177,0,"	520,528" 
2022-02-02T21:00:00Z,"IWM   220228P00196000",2022-03-01T05:00:00Z,Sell,3.14,0,1,314,1,-218.5,314,366.5,1,"	519,529" 
2022-02-02T21:00:00Z,"QQQ   220228P00331000",2022-03-01T05:00:00Z,Buy,2.53,0,1,-253,1,-253,272,525,0,"	522,530" 
2022-02-02T21:00:00Z,"SPY   220228P00412000",2022-03-01T05:00:00Z,Buy,1.63,0,1,-163,1,-163,88.5,251.5,0,"	518,531" 
2022-02-02T21:00:00Z,"SPY   220228P00440000",2022-03-01T05:00:00Z,Sell,4.94,0,1,494,1,-1371,494,1627.5,1,"	517,532" 
2022-02-02T21:00:00Z,"DIA   220304P00320000",2022-03-05T05:00:00Z,Buy,1.3,0,1,-130,1,-130,79,209,0,"	524,543" 
2022-02-02T21:00:00Z,"DIA   220304P00344000",2022-03-05T05:00:00Z,Sell,3.9,0,1,390,1,-952.5,390,1130.5,0,"	523,544" 
2022-02-02T21:00:00Z,"GLD   220304P00158000",2022-03-05T05:00:00Z,Buy,0.43,0,1,-43,1,-43,0,43,0,"	526,545" 
2022-02-02T21:00:00Z,"GLD   220304P00164500",2022-03-05T05:00:00Z,Sell,1.31,0,1,131,1,0,131,9,1,"	525,546" 
2022-02-24T05:00:00Z,"QQQ",2022-04-04T20:00:00Z,Buy,351,362.71,100,1171,1,-3283,2019,3283,1,"	527,568" 
2022-03-01T05:00:00Z,"SPY",2022-04-04T20:00:00Z,Buy,440,453.2,100,1320,1,-2375,2155,2375,1,"	532,567" 
2022-03-02T21:00:00Z,"IWM   220328P00170000",2022-03-29T04:00:00Z,Buy,1.22,0,1,-122,1,-122,12.5,134.5,0,"	534,551" 
2022-03-02T21:00:00Z,"IWM   220328P00190000",2022-03-29T04:00:00Z,Sell,4.31,0,1,431,1,-136.5,431,294,1,"	533,552" 
2022-03-02T21:00:00Z,"DIA   220331P00300000",2022-04-01T04:00:00Z,Buy,2.86,0,1,-286,1,-286,0,286,0,"	536,553" 
2022-03-02T21:00:00Z,"DIA   220331P00319000",2022-04-01T04:00:00Z,Sell,5.45,0,1,545,1,-135,545,370,1,"	535,554" 
2022-03-02T21:00:00Z,"GLD   220331P00169000",2022-04-01T04:00:00Z,Buy,0.47,0,1,-47,1,-47,17,64,0,"	538,555" 
2022-03-02T21:00:00Z,"GLD   220331P00177000",2022-04-01T04:00:00Z,Sell,1.99,0,1,199,1,-62.5,199,154.5,1,"	537,556" 
2022-03-03T21:00:00Z,"SPY   220328P00420000",2022-03-21T20:00:00Z,Sell,6.78,0.89,1,589,2,-642,639.5,642,1,"	539,547" 
2022-03-03T21:00:00Z,"SPY   220328P00390000",2022-03-21T20:00:00Z,Buy,2.46,0.16,1,-230,2,-239.5,199,438.5,0,"	540,548" 
2022-03-03T21:00:00Z,"QQQ   220328P00332000",2022-03-21T20:00:00Z,Sell,6.35,1.26,1,509,2,-1134,512,1134,1,"	541,549" 
2022-03-03T21:00:00Z,"QQQ   220328P00308000",2022-03-21T20:00:00Z,Buy,2.45,0.21,1,-224,2,-225.5,460,685.5,0,"	542,550" 
2022-03-05T05:00:00Z,"DIA",2022-04-04T20:00:00Z,Buy,344,347.57,100,357,1,-1747,897,1747,1,"	544,569" 
2022-04-04T20:00:00Z,"QQQ   220427P00350000",2022-04-23T04:00:00Z,Sell,5.18,0,1,518,1,-1809,518,2083.5,0,"	561,570" 
2022-04-04T20:00:00Z,"IWM   220427P00200000",2022-04-26T20:00:00Z,Sell,2.38,0,1,238,1,-962,238,1027,0,"	559,571" 
2022-04-04T20:00:00Z,"SPY   220427P00442000",2022-04-26T20:00:00Z,Sell,4.09,0,1,409,1,-2172,409,2327.5,0,"	557,572" 
2022-04-04T20:00:00Z,"IWM   220427P00188000",2022-04-28T04:00:00Z,Buy,0.75,0,1,-75,1,-75,101,176,1,"	560,573" 
2022-04-04T20:00:00Z,"QQQ   220427P00330000",2022-04-28T04:00:00Z,Buy,1.85,0,1,-185,1,-185,917,1102,1,"	562,574" 
2022-04-04T20:00:00Z,"SPY   220427P00420000",2022-04-28T04:00:00Z,Buy,1.35,0,1,-135,1,-135,403.5,538.5,1,"	558,575" 
2022-04-04T20:00:00Z,"DIA   220429P00323000",2022-04-30T04:00:00Z,Buy,1.15,0,1,-115,1,-115,44,159,0,"	564,576" 
2022-04-04T20:00:00Z,"DIA   220429P00340000",2022-04-30T04:00:00Z,Sell,2.94,0,1,294,1,-774,294,990,0,"	563,577" 
2022-04-04T20:00:00Z,"GLD   220429P00169000",2022-04-30T04:00:00Z,Buy,0.38,0,1,-38,1,-38,0,38,0,"	566,578" 
2022-04-04T20:00:00Z,"GLD   220429P00176000",2022-04-30T04:00:00Z,Sell,1.63,0,1,163,1,0,163,86,1,"	565,579" 
2022-04-23T04:00:00Z,"QQQ",2022-04-28T04:00:00Z,Buy,350,330,100,-200000,0,-332400,0,332400,0,"	570,574" 
2022-04-26T20:00:00Z,"IWM",2022-04-28T04:00:00Z,Buy,200,188,100,-120000,0,-130400,0,130400,0,"	571,573" 
2022-04-26T20:00:00Z,"SPY",2022-04-28T04:00:00Z,Buy,442,420,100,-220000,0,-247300,0,247300,0,"	572,575" 
2022-04-30T04:00:00Z,"DIA",2022-07-05T20:00:00Z,Buy,340,306.69,100,-3331,1,-4128,59,4187,0,"	577,632" 
2022-05-03T20:00:00Z,"SPY   220527P00395000",2022-05-05T20:00:00Z,Sell,8.71,2.14,1,657,2,0,659,423,1,"	580,590" 
2022-05-03T20:00:00Z,"SPY   220527P00375000",2022-05-05T20:00:00Z,Buy,4.5,0.89,1,-361,2,-361,0,361,0,"	581,591" 
2022-05-03T20:00:00Z,"GLD   220527P00170000",2022-05-24T20:00:00Z,Sell,1.65,0.35,1,130,2,-135,157,220,1,"	588,592" 
2022-05-03T20:00:00Z,"GLD   220527P00163000",2022-05-24T20:00:00Z,Buy,0.43,0.02,1,-41,2,-42,28,70,0,"	589,593" 
2022-05-03T20:00:00Z,"IWM   220527P00177000",2022-05-27T20:00:00Z,Sell,4.69,0.11,1,458,2,-422.5,468,768.5,1,"	582,594" 
2022-05-03T20:00:00Z,"IWM   220527P00160000",2022-05-27T20:00:00Z,Buy,1.36,0.01,1,-135,2,-135,65,200,0,"	583,595" 
2022-05-03T20:00:00Z,"DIA   220527P00320000",2022-05-27T20:00:00Z,Sell,4.55,0.17,1,438,2,-485,454,760,1,"	586,596" 
2022-05-03T20:00:00Z,"DIA   220527P00295000",2022-05-27T20:00:00Z,Buy,2.06,0.01,1,-205,2,-205,0,205,0,"	587,597" 
2022-05-03T20:00:00Z,"QQQ   220527P00300000",2022-05-27T20:00:00Z,Sell,7.77,2.65,1,512,2,-990,776,1280,1,"	584,598" 
2022-05-03T20:00:00Z,"QQQ   220527P00280000",2022-05-27T20:00:00Z,Buy,3.43,0.03,1,-340,2,-342,232,574,0,"	585,599" 
2022-06-02T20:00:00Z,"IWM   220627P00177000",2022-06-23T04:00:00Z,Sell,3.1,0,1,310,1,-1039.5,310,1237.5,0,"	602,610" 
2022-06-02T20:00:00Z,"SPY   220627P00396000",2022-06-23T04:00:00Z,Sell,5.75,0,1,575,1,-2512,575,2790.5,0,"	600,611" 
2022-06-02T20:00:00Z,"SPY   220627P00380000",2022-06-24T20:00:00Z,Buy,2.56,4.49,1,193,2,-229,1435,1664,1,"	601,613" 
2022-06-02T20:00:00Z,"IWM   220627P00164000",2022-06-24T20:00:00Z,Buy,0.91,0.35,1,-56,2,-89,367,456,0,"	603,615" 
2022-06-02T20:00:00Z,"QQQ   220627P00293000",2022-06-27T20:00:00Z,Sell,5.32,1.58,1,374,2,-1733.5,472.5,1954,1,"	604,616" 
2022-06-02T20:00:00Z,"QQQ   220627P00276000",2022-06-27T20:00:00Z,Buy,2.16,0.04,1,-212,2,-215,751,966,0,"	605,617" 
2022-06-02T20:00:00Z,"DIA   220630P00319000",2022-06-30T20:00:00Z,Sell,3.95,9.3,1,-535,2,-1697.5,165,1862.5,0,"	606,618" 
2022-06-02T20:00:00Z,"DIA   220630P00300000",2022-06-30T20:00:00Z,Buy,1.17,0.07,1,-110,2,-116,573,689,0,"	607,619" 
2022-06-02T20:00:00Z,"GLD   220630P00169000",2022-06-30T20:00:00Z,Sell,1.37,0.38,1,99,2,-154,101,235,1,"	608,620" 
2022-06-02T20:00:00Z,"GLD   220630P00163000",2022-06-30T20:00:00Z,Buy,0.39,0.01,1,-38,2,-38,56,94,0,"	609,621" 
2022-06-23T04:00:00Z,"SPY",2022-06-24T20:00:00Z,Buy,396,381.43,100,-1457,1,-1794,0,1794,0,"	611,612" 
2022-06-23T04:00:00Z,"IWM",2022-06-24T20:00:00Z,Buy,177,171.21,100,-579,1,-717,0,717,0,"	610,614" 
2022-07-05T20:00:00Z,"IWM   220727P00152000",2022-07-28T04:00:00Z,Buy,0.81,0,1,-81,1,-81,0,81,0,"	625,633" 
2022-07-05T20:00:00Z,"IWM   220727P00165000",2022-07-28T04:00:00Z,Sell,2.95,0,1,295,1,0,295,105.5,1,"	624,634" 
2022-07-05T20:00:00Z,"QQQ   220727P00250000",2022-07-28T04:00:00Z,Buy,1.7,0,1,-170,1,-170,0,170,0,"	627,635" 
2022-07-05T20:00:00Z,"QQQ   220727P00270000",2022-07-28T04:00:00Z,Sell,5.02,0,1,502,1,0,502,122,1,"	626,636" 
2022-07-05T20:00:00Z,"SPY   220727P00345000",2022-07-28T04:00:00Z,Buy,1.46,0,1,-146,1,-146,0,146,0,"	623,637" 
2022-07-05T20:00:00Z,"SPY   220727P00368000",2022-07-28T04:00:00Z,Sell,5.3,0,1,530,1,0,530,152.5,1,"	622,638" 
2022-07-05T20:00:00Z,"DIA   220729P00285000",2022-07-30T04:00:00Z,Buy,1.41,0,1,-141,1,-141,0,141,0,"	629,639" 
2022-07-05T20:00:00Z,"DIA   220729P00301000",2022-07-30T04:00:00Z,Sell,3.8,0,1,380,1,-25,380,170,1,"	628,640" 
2022-07-05T20:00:00Z,"GLD   220729P00156000",2022-07-30T04:00:00Z,Buy,0.46,0,1,-46,1,-46,71,117,0,"	631,641" 
2022-07-05T20:00:00Z,"GLD   220729P00164000",2022-07-30T04:00:00Z,Sell,1.55,0,1,155,1,-460,155,460,1,"	630,642" 
2022-08-02T20:00:00Z,"SPY   220826P00399000",2022-08-11T20:00:00Z,Sell,5.19,0.94,1,425,2,-43.5,425,43.5,1,"	643,653" 
2022-08-02T20:00:00Z,"SPY   220826P00378000",2022-08-11T20:00:00Z,Buy,1.98,0.23,1,-175,2,-175,0,175,0,"	644,654" 
2022-08-02T20:00:00Z,"IWM   220826P00181000",2022-08-11T20:00:00Z,Sell,2.41,0.44,1,197,2,-53,197,53,1,"	645,655" 
2022-08-02T20:00:00Z,"IWM   220826P00168000",2022-08-11T20:00:00Z,Buy,1.22,0.06,1,-116,2,-116,0,116,0,"	646,656" 
2022-08-02T20:00:00Z,"QQQ   220826P00304000",2022-08-11T20:00:00Z,Sell,5.13,1.3,1,383,2,-10.5,411,71,1,"	647,657" 
2022-08-02T20:00:00Z,"QQQ   220826P00282500",2022-08-11T20:00:00Z,Buy,1.76,0.18,1,-158,2,-158,0,158,0,"	648,658" 
2022-08-02T20:00:00Z,"DIA   220826P00320000",2022-08-15T20:00:00Z,Sell,1.1,1,1,10,2,-350,81,350,1,"	649,659" 
2022-08-02T20:00:00Z,"DIA   220826P00304000",2022-08-15T20:00:00Z,Buy,5,0.05,1,-495,2,-495,0,495,0,"	650,660" 
2022-08-02T20:00:00Z,"GLD   220826P00162000",2022-08-15T20:00:00Z,Sell,1.13,0.47,1,66,2,-49,90,49,1,"	651,661" 
2022-08-02T20:00:00Z,"GLD   220826P00156500",2022-08-15T20:00:00Z,Buy,0.33,0.08,1,-25,2,-27.5,11.5,39,0,"	652,662" 
2022-09-02T20:00:00Z,"IWM   220926P00175000",2022-09-26T20:00:00Z,Sell,2.22,0,1,222,1,-861.5,222,1031,0,"	665,673" 
2022-09-02T20:00:00Z,"SPY   220926P00384000",2022-09-26T20:00:00Z,Sell,3.87,0,1,387,1,-1578.5,387,1859.5,0,"	663,674" 
2022-09-02T20:00:00Z,"IWM   220926P00162000",2022-09-27T04:00:00Z,Buy,0.6,0,1,-60,1,-60,26,86,0,"	666,675" 
2022-09-02T20:00:00Z,"QQQ   220926P00265000",2022-09-27T04:00:00Z,Buy,1.11,0,1,-111,1,-111,59,170,0,"	668,676" 
2022-09-02T20:00:00Z,"QQQ   220926P00288000",2022-09-27T04:00:00Z,Sell,3.78,0,1,378,1,-1006,378,1253.5,0,"	667,677" 
2022-09-02T20:00:00Z,"SPY   220926P00360000",2022-09-27T04:00:00Z,Buy,1.05,0,1,-105,1,-105,73.5,178.5,0,"	664,678" 
2022-09-02T20:00:00Z,"DIA   220930P00307000",2022-09-27T20:00:00Z,Sell,0.6,0,1,60,1,-1515,60,1515,0,"	669,679" 
2022-09-02T20:00:00Z,"DIA   220930P00290000",2022-10-01T04:00:00Z,Buy,5,0,1,-500,1,-500,0,500,0,"	670,680" 
2022-09-02T20:00:00Z,"GLD   220930P00148000",2022-10-01T04:00:00Z,Buy,0.26,0,1,-26,1,-26,30.5,56.5,0,"	672,681" 
2022-09-02T20:00:00Z,"GLD   220930P00154000",2022-10-01T04:00:00Z,Sell,0.83,0,1,83,1,-229.5,83,277.5,1,"	671,682" 
2022-09-26T20:00:00Z,"SPY",2022-11-02T20:00:00Z,Buy,384,383.96,100,-4,1,-2744,502,2744,0,"	674,713" 
2022-09-26T20:00:00Z,"IWM",2022-11-02T20:00:00Z,Buy,175,182.81,100,781,1,-1027,858,1027,1,"	673,714" 
2022-09-27T04:00:00Z,"QQQ",2022-11-02T20:00:00Z,Buy,288,275.12,100,-1288,1,-2726,0,2726,0,"	677,715" 
2022-09-27T20:00:00Z,"DIA",2022-10-01T04:00:00Z,Buy,307,290,100,-170000,0,-197000,0,197000,0,"	679,680" 
2022-10-04T20:00:00Z,"DIA   221028P00280000",2022-10-18T20:00:00Z,Sell,1.79,0.84,1,95,2,-116,157,148,1,"	689,693" 
2022-10-04T20:00:00Z,"DIA   221028P00265000",2022-10-18T20:00:00Z,Buy,0.81,0.03,1,-78,2,-78,14,92,0,"	690,694" 
2022-10-04T20:00:00Z,"IWM   221028P00162000",2022-10-19T20:00:00Z,Sell,2.14,1.12,1,102,2,-114,158.5,167,1,"	685,695" 
2022-10-04T20:00:00Z,"IWM   221028P00150000",2022-10-19T20:00:00Z,Buy,1.04,0.02,1,-102,2,-102,0,102,0,"	686,696" 
2022-10-04T20:00:00Z,"SPY   221028P00354000",2022-10-24T20:00:00Z,Sell,3.99,0.43,1,356,2,-405,385.5,534,1,"	683,697" 
2022-10-04T20:00:00Z,"SPY   221028P00328000",2022-10-24T20:00:00Z,Buy,1.1,0.04,1,-106,2,-108,55,163,0,"	684,698" 
2022-10-04T20:00:00Z,"QQQ   221028P00262000",2022-10-24T20:00:00Z,Sell,3.71,1.1,1,261,2,-442,328,517,1,"	687,699" 
2022-10-04T20:00:00Z,"QQQ   221028P00240000",2022-10-24T20:00:00Z,Buy,1.13,0.01,1,-112,2,-112,80,192,0,"	688,700" 
2022-10-04T20:00:00Z,"GLD   221028P00154500",2022-10-28T20:00:00Z,Sell,1.07,1.96,1,-89,2,-235.5,60.5,263.5,0,"	691,701" 
2022-10-04T20:00:00Z,"GLD   221028P00148000",2022-10-28T20:00:00Z,Buy,0.32,0.01,1,-31,2,-31,28,59,0,"	692,702" 
2022-11-02T20:00:00Z,"IWM   221128P00165000",2022-11-29T05:00:00Z,Buy,1.24,0,1,-124,1,-124,23.5,147.5,0,"	706,716" 
2022-11-02T20:00:00Z,"IWM   221128P00177000",2022-11-29T05:00:00Z,Sell,2.67,0,1,267,1,-297.5,267,297.5,1,"	705,717" 
2022-11-02T20:00:00Z,"QQQ   221128P00250000",2022-11-29T05:00:00Z,Buy,1.82,0,1,-182,1,-182,208,390,0,"	708,718" 
2022-11-02T20:00:00Z,"QQQ   221128P00264000",2022-11-29T05:00:00Z,Sell,4.37,0,1,437,1,-536,437,536,1,"	707,719" 
2022-11-02T20:00:00Z,"SPY   221128P00354000",2022-11-29T05:00:00Z,Buy,1.85,0,1,-185,1,-185,120.5,305.5,0,"	704,720" 
2022-11-02T20:00:00Z,"SPY   221128P00372000",2022-11-29T05:00:00Z,Sell,5.36,0,1,536,1,-395,536,395,1,"	703,721" 
2022-11-02T20:00:00Z,"DIA   221202P00298000",2022-12-03T05:00:00Z,Buy,1.82,0,1,-182,1,-182,34,216,0,"	710,732" 
2022-11-02T20:00:00Z,"DIA   221202P00316000",2022-12-03T05:00:00Z,Sell,2.33,0,1,233,1,-359.5,233,359.5,1,"	709,733" 
2022-11-02T20:00:00Z,"GLD   221202P00144000",2022-12-03T05:00:00Z,Buy,0.36,0,1,-36,1,-36,13,49,0,"	712,734" 
2022-11-02T20:00:00Z,"GLD   221202P00150000",2022-12-03T05:00:00Z,Sell,1.2,0,1,120,1,-61.5,120,61.5,1,"	711,735" 
2022-12-02T21:00:00Z,"QQQ   221230P00283000",2022-12-27T05:00:00Z,Sell,5.66,0,1,566,1,-1062,566,1236,0,"	726,736" 
2022-12-02T21:00:00Z,"IWM   221230P00181000",2022-12-28T21:00:00Z,Sell,3.43,0,1,343,1,-702.5,343,834,0,"	724,737" 
2022-12-02T21:00:00Z,"SPY   221230P00396000",2022-12-28T21:00:00Z,Sell,6.36,0,1,636,1,-1294,636,1501,0,"	722,738" 
2022-12-02T21:00:00Z,"DIA   221230P00318000",2022-12-31T05:00:00Z,Buy,5.65,0,1,-565,1,-565,0,565,0,"	729,739" 
2022-12-02T21:00:00Z,"DIA   221230P00336000",2022-12-31T05:00:00Z,Sell,1.95,0,1,195,1,-835,195,835,0,"	728,740" 
2022-12-02T21:00:00Z,"GLD   221230P00159000",2022-12-31T05:00:00Z,Buy,0.89,0,1,-89,1,-89,0,89,0,"	731,741" 
2022-12-02T21:00:00Z,"GLD   221230P00165000",2022-12-31T05:00:00Z,Sell,1.52,0,1,152,1,-95,152,110,1,"	730,742" 
2022-12-02T21:00:00Z,"IWM   221230P00170000",2022-12-31T05:00:00Z,Buy,1.1,0,1,-110,1,-110,69.5,179.5,0,"	725,743" 
2022-12-02T21:00:00Z,"QQQ   221230P00265000",2022-12-31T05:00:00Z,Buy,2.17,0,1,-217,1,-217,324.5,541.5,0,"	727,744" 
2022-12-02T21:00:00Z,"SPY   221230P00376000",2022-12-31T05:00:00Z,Buy,1.85,0,1,-185,1,-185,129.5,314.5,0,"	723,745" 
2022-12-27T05:00:00Z,"QQQ",2023-01-04T21:00:00Z,Buy,283,266.7,100,-1630,1,-2290,0,2290,0,"	736,758" 
2022-12-28T21:00:00Z,"SPY",2023-01-04T21:00:00Z,Buy,396,383.22,100,-1278,1,-1518,0,1518,0,"	738,756" 
2022-12-28T21:00:00Z,"IWM",2023-01-04T21:00:00Z,Buy,181,174.57,100,-643,1,-760,0,760,0,"	737,757" 
2022-12-31T05:00:00Z,"DIA",2023-01-04T21:00:00Z,Buy,336,332.63,100,-337,1,-478,0,478,0,"	740,759" 
2023-01-04T21:00:00Z,"DIA   230203P00305000",2023-02-04T05:00:00Z,Buy,1.17,0,1,-117,1,-117,0,117,0,"	753,770" 
2023-01-04T21:00:00Z,"DIA   230203P00322000",2023-02-04T05:00:00Z,Sell,2.95,0,1,295,1,-100,295,129,1,"	752,771" 
2023-01-04T21:00:00Z,"GLD   230203P00161000",2023-02-04T05:00:00Z,Buy,0.3,0,1,-30,1,-30,8,38,0,"	755,772" 
2023-01-04T21:00:00Z,"GLD   230203P00167500",2023-02-04T05:00:00Z,Sell,0.72,0,1,72,1,-82,72,82,1,"	754,773" 
2023-01-04T21:00:00Z,"IWM   230203P00156000",2023-02-04T05:00:00Z,Buy,0.59,0,1,-59,1,-59,0,59,0,"	749,774" 
2023-01-04T21:00:00Z,"IWM   230203P00167000",2023-02-04T05:00:00Z,Sell,2.16,0,1,216,1,-24,216,51,1,"	748,775" 
2023-01-04T21:00:00Z,"QQQ   230203P00236000",2023-02-04T05:00:00Z,Buy,1.14,0,1,-114,1,-114,17,131,0,"	751,776" 
2023-01-04T21:00:00Z,"QQQ   230203P00254000",2023-02-04T05:00:00Z,Sell,3.52,0,1,352,1,-146,352,146,1,"	750,777" 
2023-01-04T21:00:00Z,"SPY   230203P00348000",2023-02-04T05:00:00Z,Buy,1.14,0,1,-114,1,-114,8.5,122.5,0,"	747,778" 
2023-01-04T21:00:00Z,"SPY   230203P00369000",2023-02-04T05:00:00Z,Sell,4.31,0,1,431,1,-67.5,431,111,1,"	746,779" 
2023-02-02T21:00:00Z,"GLD   230303P00178500",2023-02-27T05:00:00Z,Sell,1.44,0,1,144,1,-866,144,866,0,"	768,780" 
2023-02-02T21:00:00Z,"DIA   230303P00318000",2023-03-04T05:00:00Z,Buy,5,0,1,-500,1,-500,0,500,0,"	767,792" 
2023-02-02T21:00:00Z,"DIA   230303P00333000",2023-03-04T05:00:00Z,Sell,0.15,0,1,15,1,-637.5,15,637.5,1,"	766,793" 
2023-02-02T21:00:00Z,"GLD   230303P00172500",2023-03-04T05:00:00Z,Buy,0.77,0,1,-77,1,-77,338,415,0,"	769,794" 
2023-02-02T21:00:00Z,"IWM   230303P00177500",2023-03-04T05:00:00Z,Buy,0.56,0,1,-56,1,-56,40,96,0,"	763,795" 
2023-02-02T21:00:00Z,"IWM   230303P00189000",2023-03-04T05:00:00Z,Sell,1.71,0,1,171,1,-205,171,249,1,"	762,796" 
2023-02-02T21:00:00Z,"QQQ   230303P00272500",2023-03-04T05:00:00Z,Buy,1.09,0,1,-109,1,-109,0,109,0,"	765,797" 
2023-02-02T21:00:00Z,"QQQ   230303P00291000",2023-03-04T05:00:00Z,Sell,2.42,0,1,242,1,-150,242,274,1,"	764,798" 
2023-02-02T21:00:00Z,"SPY   230303P00381000",2023-03-04T05:00:00Z,Buy,0.89,0,1,-89,1,-89,43,132,0,"	761,799" 
2023-02-02T21:00:00Z,"SPY   230303P00401000",2023-03-04T05:00:00Z,Sell,2.73,0,1,273,1,-387,273,506,1,"	760,800" 
2023-02-27T05:00:00Z,"GLD",2023-03-02T21:00:00Z,Buy,178.5,170.52,100,-798,1,-949,0,949,0,"	780,791" 
2023-03-02T21:00:00Z,"IWM   230331P00182000",2023-03-27T04:00:00Z,Sell,2.97,0,1,297,1,-884.5,297,1023.5,0,"	783,801" 
2023-03-02T21:00:00Z,"DIA   230331P00302000",2023-04-01T04:00:00Z,Buy,5,0,1,-500,1,-500,0,500,0,"	788,802" 
2023-03-02T21:00:00Z,"DIA   230331P00318000",2023-04-01T04:00:00Z,Sell,0.75,0,1,75,1,-545,75,545,1,"	787,803" 
2023-03-02T21:00:00Z,"GLD   230331P00162000",2023-04-01T04:00:00Z,Buy,0.33,0,1,-33,1,-33,6,39,0,"	790,804" 
2023-03-02T21:00:00Z,"GLD   230331P00168000",2023-04-01T04:00:00Z,Sell,1.31,0,1,131,1,-49,131,104,1,"	789,805" 
2023-03-02T21:00:00Z,"IWM   230331P00170000",2023-04-01T04:00:00Z,Buy,0.92,0,1,-92,1,-92,299.5,391.5,0,"	784,806" 
2023-03-02T21:00:00Z,"QQQ   230331P00262000",2023-04-01T04:00:00Z,Buy,1.58,0,1,-158,1,-158,0,158,0,"	786,807" 
2023-03-02T21:00:00Z,"QQQ   230331P00280000",2023-04-01T04:00:00Z,Sell,5.14,0,1,514,1,0,514,270.5,1,"	785,808" 
2023-03-02T21:00:00Z,"SPY   230331P00362000",2023-04-01T04:00:00Z,Buy,1.48,0,1,-148,1,-148,114.5,262.5,0,"	782,809" 
2023-03-02T21:00:00Z,"SPY   230331P00383000",2023-04-01T04:00:00Z,Sell,5.4,0,1,540,1,-293,540,642,1,"	781,810" 
2023-03-04T05:00:00Z,"GLD",2023-05-27T04:00:00Z,Sell,172.5,181,100,-85000,0,-179400,39600,219000,0,"	794,845" 
2023-03-27T04:00:00Z,"IWM",2023-04-04T20:00:00Z,Buy,182,178.97,100,-303,1,-855,0,855,0,"	801,821" 
2023-04-04T20:00:00Z,"DIA   230428P00315000",2023-04-29T04:00:00Z,Buy,5,0,1,-500,1,-500,0,500,0,"	818,822" 
2023-04-04T20:00:00Z,"DIA   230428P00329000",2023-04-29T04:00:00Z,Sell,0.55,0,1,55,1,-239.5,55,239.5,1,"	817,823" 
2023-04-04T20:00:00Z,"GLD   230428P00175500",2023-04-29T04:00:00Z,Buy,0.37,0,1,-37,1,-37,0,37,0,"	820,824" 
2023-04-04T20:00:00Z,"GLD   230428P00181000",2023-04-29T04:00:00Z,Sell,1.26,0,1,126,1,0,126,30,1,"	819,825" 
2023-04-04T20:00:00Z,"IWM   230428P00163000",2023-04-29T04:00:00Z,Buy,0.6,0,1,-60,1,-60,43,103,0,"	814,826" 
2023-04-04T20:00:00Z,"IWM   230428P00173000",2023-04-29T04:00:00Z,Sell,1.84,0,1,184,1,-176,184,184.5,1,"	813,827" 
2023-04-04T20:00:00Z,"QQQ   230428P00293000",2023-04-29T04:00:00Z,Buy,1.47,0,1,-147,1,-147,0,147,0,"	816,828" 
2023-04-04T20:00:00Z,"QQQ   230428P00311000",2023-04-29T04:00:00Z,Sell,3.42,0,1,342,1,-123,342,231.5,1,"	815,829" 
2023-04-04T20:00:00Z,"SPY   230428P00384000",2023-04-29T04:00:00Z,Buy,1.04,0,1,-104,1,-104,16,120,0,"	812,830" 
2023-04-04T20:00:00Z,"SPY   230428P00402000",2023-04-29T04:00:00Z,Sell,3.3,0,1,330,1,-86,330,104.5,1,"	811,831" 
2023-05-02T20:00:00Z,"DIA   230526P00320000",2023-05-27T04:00:00Z,Buy,5,0,1,-500,1,-500,0,500,0,"	839,842" 
2023-05-02T20:00:00Z,"DIA   230526P00334000",2023-05-27T04:00:00Z,Sell,0.5,0,1,50,1,-636,50,636,0,"	838,843" 
2023-05-02T20:00:00Z,"GLD   230526P00175000",2023-05-27T04:00:00Z,Buy,0.34,0,1,-34,1,-34,0,34,0,"	841,844" 
2023-05-02T20:00:00Z,"GLD   230526P00181000",2023-05-27T04:00:00Z,Sell,1.19,0,1,119,1,0,119,96.5,1,"	840,845" 
2023-05-02T20:00:00Z,"IWM   230526P00161000",2023-05-27T04:00:00Z,Buy,0.66,0,1,-66,1,-66,76,142,0,"	835,846" 
2023-05-02T20:00:00Z,"IWM   230526P00171000",2023-05-27T04:00:00Z,Sell,2.12,0,1,212,1,-209,212,209,1,"	834,847" 
2023-05-02T20:00:00Z,"QQQ   230526P00298000",2023-05-27T04:00:00Z,Buy,1.05,0,1,-105,1,-105,78,183,0,"	837,848" 
2023-05-02T20:00:00Z,"QQQ   230526P00314000",2023-05-27T04:00:00Z,Sell,2.76,0,1,276,1,-263,276,263,1,"	836,849" 
2023-05-02T20:00:00Z,"SPY   230526P00389000",2023-05-27T04:00:00Z,Buy,1.1,0,1,-110,1,-110,148,258,0,"	833,850" 
2023-05-02T20:00:00Z,"SPY   230526P00407500",2023-05-27T04:00:00Z,Sell,3.32,0,1,332,1,-418,332,418,1,"	832,851" 
2023-05-27T04:00:00Z,"DIA",2023-06-02T20:00:00Z,Buy,334,333.14,100,-86,1,-448,407,493,0,"	843,862" 
2023-06-02T20:00:00Z,"DIA   230630P00310000",2023-07-01T04:00:00Z,Buy,5,0,1,-500,1,-500,0,500,0,"	859,863" 
2023-06-02T20:00:00Z,"DIA   230630P00325000",2023-07-01T04:00:00Z,Sell,0.55,0,1,55,1,-70,55,70,1,"	858,864" 
2023-06-02T20:00:00Z,"GLD   230630P00175000",2023-07-01T04:00:00Z,Buy,0.3,0,1,-30,1,-30,23.5,53.5,0,"	861,865" 
2023-06-02T20:00:00Z,"GLD   230630P00180000",2023-07-01T04:00:00Z,Sell,1.01,0,1,101,1,-186,101,209,0,"	860,866" 
2023-06-02T20:00:00Z,"IWM   230630P00160000",2023-07-01T04:00:00Z,Buy,0.48,0,1,-48,1,-48,0,48,0,"	855,867" 
2023-06-02T20:00:00Z,"IWM   230630P00171000",2023-07-01T04:00:00Z,Sell,1.53,0,1,153,1,0,153,23.5,1,"	854,868" 
2023-06-02T20:00:00Z,"QQQ   230630P00324000",2023-07-01T04:00:00Z,Buy,0.99,0,1,-99,1,-99,0,99,0,"	857,869" 
2023-06-02T20:00:00Z,"QQQ   230630P00343000",2023-07-01T04:00:00Z,Sell,3.32,0,1,332,1,-53,332,160,1,"	856,870" 
2023-06-02T20:00:00Z,"SPY   230630P00393000",2023-07-01T04:00:00Z,Buy,0.91,0,1,-91,1,-91,0,91,0,"	853,871" 
2023-06-02T20:00:00Z,"SPY   230630P00413000",2023-07-01T04:00:00Z,Sell,2.65,0,1,265,1,0,265,8,1,"	852,872" 
2023-07-01T04:00:00Z,"GLD",2023-07-05T20:00:00Z,Buy,180,179.38,100,-62,1,-216,0,216,0,"	866,883" 
2023-07-05T20:00:00Z,"DIA   230728P00328000",2023-07-29T04:00:00Z,Buy,5,0,1,-500,1,-500,0,500,0,"	880,884" 
2023-07-05T20:00:00Z,"DIA   230728P00339000",2023-07-29T04:00:00Z,Sell,0.4,0,1,40,1,-375,40,375,1,"	879,885" 
2023-07-05T20:00:00Z,"GLD   230728P00172000",2023-07-29T04:00:00Z,Buy,0.21,0,1,-21,1,-21,13,34,0,"	882,886" 
2023-07-05T20:00:00Z,"GLD   230728P00176000",2023-07-29T04:00:00Z,Sell,0.66,0,1,66,1,-55,66,55,1,"	881,887" 
2023-07-05T20:00:00Z,"IWM   230728P00176000",2023-07-29T04:00:00Z,Buy,0.65,0,1,-65,1,-65,59,124,0,"	876,888" 
2023-07-05T20:00:00Z,"IWM   230728P00184000",2023-07-29T04:00:00Z,Sell,1.82,0,1,182,1,-206,182,206,1,"	875,889" 
2023-07-05T20:00:00Z,"QQQ   230728P00345000",2023-07-29T04:00:00Z,Buy,1.2,0,1,-120,1,-120,11,131,0,"	878,890" 
2023-07-05T20:00:00Z,"QQQ   230728P00362000",2023-07-29T04:00:00Z,Sell,4.02,0,1,402,1,-42,402,110.5,1,"	877,891" 
2023-07-05T20:00:00Z,"SPY   230728P00422000",2023-07-29T04:00:00Z,Buy,1.06,0,1,-106,1,-106,26.5,132.5,0,"	874,892" 
2023-07-05T20:00:00Z,"SPY   230728P00437000",2023-07-29T04:00:00Z,Sell,3.17,0,1,317,1,-85,317,131.5,1,"	873,893" 
2023-08-02T20:00:00Z,"DIA   230901P00337000",2023-09-02T04:00:00Z,Buy,5,0,1,-500,1,-500,0,500,0,"	901,914" 
2023-08-02T20:00:00Z,"DIA   230901P00350000",2023-09-02T04:00:00Z,Sell,0.35,0,1,35,1,-855,35,855,0,"	900,915" 
2023-08-02T20:00:00Z,"GLD   230901P00173000",2023-09-02T04:00:00Z,Buy,0.25,0,1,-25,1,-25,51,76,0,"	903,916" 
2023-08-02T20:00:00Z,"GLD   230901P00178000",2023-09-02T04:00:00Z,Sell,0.59,0,1,59,1,-256,59,256,1,"	902,917" 
2023-08-02T20:00:00Z,"IWM   230901P00182500",2023-09-02T04:00:00Z,Buy,1,0,1,-100,1,-100,137.5,237.5,0,"	897,918" 
2023-08-02T20:00:00Z,"IWM   230901P00193000",2023-09-02T04:00:00Z,Sell,2.71,0,1,271,1,-700.5,271,700.5,1,"	896,919" 
2023-08-02T20:00:00Z,"QQQ   230901P00354000",2023-09-02T04:00:00Z,Buy,1.7,0,1,-170,1,-170,246,416,0,"	899,920" 
2023-08-02T20:00:00Z,"QQQ   230901P00373000",2023-09-02T04:00:00Z,Sell,4.65,0,1,465,1,-1067,465,1067,1,"	898,921" 
2023-08-02T20:00:00Z,"SPY   230901P00431000",2023-09-02T04:00:00Z,Buy,1.85,0,1,-185,1,-185,153.5,338.5,0,"	895,922" 
2023-08-02T20:00:00Z,"SPY   230901P00449000",2023-09-02T04:00:00Z,Sell,3.8,0,1,380,1,-981,380,981,1,"	894,923" 
2023-09-02T04:00:00Z,"IWM",2023-09-05T20:00:00Z,Buy,193,189.59,100,-341,1,-617,0,617,0,"	919,924" 
2023-09-02T04:00:00Z,"DIA",2023-09-05T20:00:00Z,Buy,350,349.03,100,-97,1,-302,0,302,0,"	915,925" 
2023-09-05T20:00:00Z,"IWM   230929P00187000",2023-09-25T04:00:00Z,Sell,2.12,0,1,212,1,-898.5,212,898.5,0,"	906,926" 
2023-09-05T20:00:00Z,"DIA   230929P00333000",2023-09-30T04:00:00Z,Buy,5,0,1,-500,1,-500,0,500,0,"	911,927" 
2023-09-05T20:00:00Z,"DIA   230929P00344000",2023-09-30T04:00:00Z,Sell,1.89,0,1,189,1,-721,189,822,0,"	910,928" 
2023-09-05T20:00:00Z,"GLD   230929P00174000",2023-09-30T04:00:00Z,Buy,0.29,0,1,-29,1,-29,221,250,1,"	913,929" 
2023-09-05T20:00:00Z,"GLD   230929P00178000",2023-09-30T04:00:00Z,Sell,1.04,0,1,104,1,-551,104,610,0,"	912,930" 
2023-09-05T20:00:00Z,"IWM   230929P00178000",2023-09-30T04:00:00Z,Buy,0.6,0,1,-60,1,-60,321,381,1,"	907,931" 
2023-09-05T20:00:00Z,"QQQ   230929P00351000",2023-09-30T04:00:00Z,Buy,1.17,0,1,-117,1,-117,88,205,0,"	909,932" 
2023-09-05T20:00:00Z,"QQQ   230929P00369000",2023-09-30T04:00:00Z,Sell,3.92,0,1,392,1,-1102,392,1302,0,"	908,933" 
2023-09-05T20:00:00Z,"SPY   230929P00427000",2023-09-30T04:00:00Z,Buy,1.04,0,1,-104,1,-104,249,353,0,"	905,934" 
2023-09-05T20:00:00Z,"SPY   230929P00444000",2023-09-30T04:00:00Z,Sell,3.18,0,1,318,1,-1529,318,1668,0,"	904,935" 
2023-09-25T04:00:00Z,"IWM",2023-09-30T04:00:00Z,Buy,187,178,100,-90000,0,-126400,0,126400,0,"	926,931" 
2023-09-30T04:00:00Z,"GLD",2023-09-30T04:00:00Z,Sell,174,178,100,-40000,0,-40000,0,40000,0,"	929,930" 
2023-09-30T04:00:00Z,"SPY",2023-10-03T20:00:00Z,Buy,444,425.04,100,-1896,1,-2241,0,2241,0,"	935,946" 
2023-09-30T04:00:00Z,"QQQ",2023-10-03T20:00:00Z,Buy,369,358.82,100,-1018,1,-1408,0,1408,0,"	933,947" 
2023-09-30T04:00:00Z,"DIA",2023-10-03T20:00:00Z,Buy,344,332.84,100,-1116,1,-1402,0,1402,0,"	928,948" 
2023-10-03T20:00:00Z,"DIA   231027P00315000",2023-10-28T04:00:00Z,Buy,0.92,0,1,-92,1,-92,31.5,123.5,0,"	943,949" 
2023-10-03T20:00:00Z,"DIA   231027P00328000",2023-10-28T04:00:00Z,Sell,0.65,0,1,65,1,-337.5,65,338.5,0,"	942,950" 
2023-10-03T20:00:00Z,"GLD   231027P00162500",2023-10-28T04:00:00Z,Buy,0.39,0,1,-39,1,-39,6,45,0,"	945,951" 
2023-10-03T20:00:00Z,"GLD   231027P00167000",2023-10-28T04:00:00Z,Sell,1.11,0,1,111,1,-22,111,22,1,"	944,952" 
2023-10-03T20:00:00Z,"IWM   231027P00161000",2023-10-28T04:00:00Z,Buy,0.71,0,1,-71,1,-71,23.5,94.5,0,"	939,953" 
2023-10-03T20:00:00Z,"IWM   231027P00169000",2023-10-28T04:00:00Z,Sell,2.07,0,1,207,1,-495,207,638,0,"	938,954" 
2023-10-03T20:00:00Z,"QQQ   231027P00332000",2023-10-28T04:00:00Z,Buy,1.39,0,1,-139,1,-139,58,197,0,"	941,955" 
2023-10-03T20:00:00Z,"QQQ   231027P00352000",2023-10-28T04:00:00Z,Sell,4.88,0,1,488,1,-362,488,761,0,"	940,956" 
2023-10-03T20:00:00Z,"SPY   231027P00400000",2023-10-28T04:00:00Z,Buy,1.29,0,1,-129,1,-129,52,181,0,"	937,957" 
2023-10-03T20:00:00Z,"SPY   231027P00418000",2023-10-28T04:00:00Z,Sell,4.3,0,1,430,1,-282,430,646.5,0,"	936,958" 
2023-10-28T04:00:00Z,"SPY",2023-11-02T20:00:00Z,Buy,418,426.56,100,856,1,-241,1276,420,1,"	958,969" 
2023-10-28T04:00:00Z,"IWM",2023-11-02T20:00:00Z,Buy,169,167.78,100,-122,1,-589,87,589,0,"	954,970" 
2023-10-28T04:00:00Z,"QQQ",2023-11-02T20:00:00Z,Buy,352,361.65,100,965,1,-280,1144,280,1,"	956,971" 
2023-10-28T04:00:00Z,"DIA",2023-11-02T20:00:00Z,Buy,328,334.78,100,678,1,0,1039,361,1,"	950,972" 
2023-11-02T20:00:00Z,"DIA   231201P00313000",2023-12-02T05:00:00Z,Buy,0.6,0,1,-60,1,-60,0,60,0,"	966,983" 
2023-11-02T20:00:00Z,"DIA   231201P00326000",2023-12-02T05:00:00Z,Sell,1.82,0,1,182,1,0,182,26,1,"	965,984" 
2023-11-02T20:00:00Z,"GLD   231201P00175500",2023-12-02T05:00:00Z,Buy,0.28,0,1,-28,1,-28,28,56,0,"	968,985" 
2023-11-02T20:00:00Z,"GLD   231201P00180000",2023-12-02T05:00:00Z,Sell,0.83,0,1,83,1,-127,83,146.5,1,"	967,986" 
2023-11-02T20:00:00Z,"IWM   231201P00152000",2023-12-02T05:00:00Z,Buy,0.43,0,1,-43,1,-43,0,43,0,"	962,987" 
2023-11-02T20:00:00Z,"IWM   231201P00161000",2023-12-02T05:00:00Z,Sell,1.36,0,1,136,1,0,136,56,1,"	961,988" 
2023-11-02T20:00:00Z,"QQQ   231201P00328000",2023-12-02T05:00:00Z,Buy,0.87,0,1,-87,1,-87,0,87,0,"	964,989" 
2023-11-02T20:00:00Z,"QQQ   231201P00347000",2023-12-02T05:00:00Z,Sell,2.81,0,1,281,1,0,281,27.5,1,"	963,990" 
2023-11-02T20:00:00Z,"SPY   231201P00394000",2023-12-02T05:00:00Z,Buy,0.82,0,1,-82,1,-82,0,82,0,"	960,991" 
2023-11-02T20:00:00Z,"SPY   231201P00413000",2023-12-02T05:00:00Z,Sell,2.49,0,1,249,1,0,249,25.5,1,"	959,992" 
2023-12-04T21:00:00Z,"DIA   231229P00346000",2023-12-30T05:00:00Z,Buy,1.17,0,1,-117,1,-117,0,117,0,"	980,993" 
2023-12-04T21:00:00Z,"DIA   231229P00358000",2023-12-30T05:00:00Z,Sell,2.1,0,1,210,1,-14,210,24,1,"	979,994" 
2023-12-04T21:00:00Z,"GLD   231229P00184000",2023-12-30T05:00:00Z,Buy,0.74,0,1,-74,1,-74,122.5,196.5,0,"	982,995" 
2023-12-04T21:00:00Z,"GLD   231229P00189000",2023-12-30T05:00:00Z,Sell,2.32,0,1,232,1,-356,232,356,1,"	981,996" 
2023-12-04T21:00:00Z,"IWM   231229P00172000",2023-12-30T05:00:00Z,Buy,0.62,0,1,-62,1,-62,0,62,0,"	976,997" 
2023-12-04T21:00:00Z,"IWM   231229P00180000",2023-12-30T05:00:00Z,Sell,2.12,0,1,212,1,0,212,69.5,1,"	975,998" 
2023-12-04T21:00:00Z,"QQQ   231229P00366000",2023-12-30T05:00:00Z,Buy,1.27,0,1,-127,1,-127,0,127,0,"	978,999" 
2023-12-04T21:00:00Z,"QQQ   231229P00382000",2023-12-30T05:00:00Z,Sell,4.41,0,1,441,1,-19,441,74.5,1,"	977,1000" 
2023-12-04T21:00:00Z,"SPY   231229P00436000",2023-12-30T05:00:00Z,Buy,1.2,0,1,-120,1,-120,0,120,0,"	974,1001" 
2023-12-04T21:00:00Z,"SPY   231229P00452000",2023-12-30T05:00:00Z,Sell,3.91,0,1,391,1,-17,391,63,1,"	973,1002" 
2024-01-03T21:00:00Z,"SPY   240131P00449000",2024-02-01T05:00:00Z,Buy,0.91,0,1,-91,1,-91,43,134,0,"	1004,1013" 
2024-01-03T21:00:00Z,"SPY   240131P00465000",2024-02-01T05:00:00Z,Sell,2.82,0,1,282,1,-168,282,168,1,"	1003,1014" 
2024-01-03T21:00:00Z,"DIA   240202P00357000",2024-02-03T05:00:00Z,Buy,0.81,0,1,-81,1,-81,13,94,0,"	1008,1025" 
2024-01-03T21:00:00Z,"DIA   240202P00371000",2024-02-03T05:00:00Z,Sell,2.29,0,1,229,1,-83.5,229,112,1,"	1007,1026" 
2024-01-03T21:00:00Z,"GLD   240202P00182000",2024-02-03T05:00:00Z,Buy,0.37,0,1,-37,1,-37,12,49,0,"	1010,1027" 
2024-01-03T21:00:00Z,"GLD   240202P00187500",2024-02-03T05:00:00Z,Sell,1.34,0,1,134,1,-147,134,182.5,1,"	1009,1028" 
2024-01-03T21:00:00Z,"IWM   240202P00183000",2024-02-03T05:00:00Z,Buy,0.69,0,1,-69,1,-69,65,134,0,"	1006,1029" 
2024-01-03T21:00:00Z,"IWM   240202P00194000",2024-02-03T05:00:00Z,Sell,2.34,0,1,234,1,-401,234,401,1,"	1005,1030" 
2024-01-08T21:00:00Z,"QQQ   240202P00379780",2024-02-03T05:00:00Z,Buy,1.93,0,1,-193,1,-193,0,193,0,"	1012,1031" 
2024-01-08T21:00:00Z,"QQQ   240202P00387780",2024-02-03T05:00:00Z,Sell,3.35,0,1,335,1,0,335,53,1,"	1011,1032" 
2024-02-02T21:00:00Z,"SPY   240229P00464000",2024-03-01T05:00:00Z,Buy,0.97,0,1,-97,1,-97,0,97,0,"	1016,1033" 
2024-02-02T21:00:00Z,"SPY   240229P00481000",2024-03-01T05:00:00Z,Sell,2.87,0,1,287,1,0,287,93,1,"	1015,1034" 
2024-02-02T21:00:00Z,"DIA   240301P00366000",2024-03-02T05:00:00Z,Buy,0.81,0,1,-81,1,-81,0,81,0,"	1022,1045" 
2024-02-02T21:00:00Z,"DIA   240301P00379000",2024-03-02T05:00:00Z,Sell,2.2,0,1,220,1,-80,220,209.5,1,"	1021,1046" 
2024-02-02T21:00:00Z,"GLD   240301P00183000",2024-03-02T05:00:00Z,Buy,0.29,0,1,-29,1,-29,57,86,0,"	1024,1047" 
2024-02-02T21:00:00Z,"GLD   240301P00187500",2024-03-02T05:00:00Z,Sell,1,0,1,100,1,-235,100,235,1,"	1023,1048" 
2024-02-02T21:00:00Z,"IWM   240301P00179000",2024-03-02T05:00:00Z,Buy,0.68,0,1,-68,1,-68,8.5,76.5,0,"	1018,1049" 
2024-02-02T21:00:00Z,"IWM   240301P00190000",2024-03-02T05:00:00Z,Sell,2.3,0,1,230,1,-88.5,230,153,1,"	1017,1050" 
2024-02-02T21:00:00Z,"QQQ   240301P00400000",2024-03-02T05:00:00Z,Buy,1.76,0,1,-176,1,-176,0,176,0,"	1020,1051" 
2024-02-02T21:00:00Z,"QQQ   240301P00412500",2024-03-02T05:00:00Z,Sell,3.78,0,1,378,1,0,378,114,1,"	1019,1052" 
2024-03-04T21:00:00Z,"DIA   240328P00366000",2024-03-29T04:00:00Z,Buy,0.9,0,1,-90,1,-90,52.5,142.5,0,"	1042,1053" 
2024-03-04T21:00:00Z,"DIA   240328P00386000",2024-03-29T04:00:00Z,Sell,2.05,0,1,205,1,-216,205,216,1,"	1041,1054" 
2024-03-04T21:00:00Z,"GLD   240328P00186000",2024-03-29T04:00:00Z,Buy,0.19,0,1,-19,1,-19,0,19,0,"	1044,1055" 
2024-03-04T21:00:00Z,"GLD   240328P00190000",2024-03-29T04:00:00Z,Sell,0.62,0,1,62,1,0,62,3.5,1,"	1043,1056" 
2024-03-04T21:00:00Z,"IWM   240328P00189000",2024-03-29T04:00:00Z,Buy,0.58,0,1,-58,1,-58,16,74,0,"	1038,1057" 
2024-03-04T21:00:00Z,"IWM   240328P00200000",2024-03-29T04:00:00Z,Sell,2.1,0,1,210,1,-88.5,210,152,1,"	1037,1058" 
2024-03-04T21:00:00Z,"QQQ   240328P00417000",2024-03-29T04:00:00Z,Buy,1.14,0,1,-114,1,-114,101,215,0,"	1040,1059" 
2024-03-04T21:00:00Z,"QQQ   240328P00436000",2024-03-29T04:00:00Z,Sell,3.22,0,1,322,1,-410,322,410,1,"	1039,1060" 
2024-03-04T21:00:00Z,"SPY   240328P00488000",2024-03-29T04:00:00Z,Buy,1.02,0,1,-102,1,-102,55,157,0,"	1036,1061" 
2024-03-04T21:00:00Z,"SPY   240328P00505000",2024-03-29T04:00:00Z,Sell,2.73,0,1,273,1,-249,273,249,1,"	1035,1062" 
2024-04-02T20:00:00Z,"IWM   240426P00203000",2024-04-22T04:00:00Z,Sell,2.7,0,1,270,1,-761,270,810,0,"	1065,1073" 
2024-04-02T20:00:00Z,"QQQ   240426P00436000",2024-04-22T04:00:00Z,Sell,5.45,0,1,545,1,-1591,545,1872,0,"	1067,1074" 
2024-04-02T20:00:00Z,"DIA   240426P00378000",2024-04-27T04:00:00Z,Buy,1.06,0,1,-106,1,-106,334,440,0,"	1070,1075" 
2024-04-02T20:00:00Z,"DIA   240426P00390000",2024-04-27T04:00:00Z,Sell,3.2,0,1,320,1,-1064,320,1064,0,"	1069,1076" 
2024-04-02T20:00:00Z,"GLD   240426P00199500",2024-04-27T04:00:00Z,Buy,0.27,0,1,-27,1,-27,0,27,0,"	1072,1077" 
2024-04-02T20:00:00Z,"GLD   240426P00205000",2024-04-27T04:00:00Z,Sell,1.11,0,1,111,1,0,111,25,1,"	1071,1078" 
2024-04-02T20:00:00Z,"IWM   240426P00194000",2024-04-27T04:00:00Z,Buy,0.91,0,1,-91,1,-91,226,317,0,"	1066,1079" 
2024-04-02T20:00:00Z,"QQQ   240426P00420000",2024-04-27T04:00:00Z,Buy,1.94,0,1,-194,1,-194,603,797,0,"	1068,1080" 
2024-04-02T20:00:00Z,"SPY   240426P00497500",2024-04-27T04:00:00Z,Buy,1.52,0,1,-152,1,-152,401,553,0,"	1064,1081" 
2024-04-02T20:00:00Z,"SPY   240426P00515000",2024-04-27T04:00:00Z,Sell,4.53,0,1,453,1,-1553.5,453,1634.5,0,"	1063,1082" 
2024-04-22T04:00:00Z,"IWM",2024-05-02T20:00:00Z,Buy,203,198.84,100,-416,1,-770,0,770,0,"	1073,1094" 
2024-04-22T04:00:00Z,"QQQ",2024-05-02T20:00:00Z,Buy,436,425.26,100,-1074,1,-1718,0,1718,0,"	1074,1095" 
2024-04-27T04:00:00Z,"SPY",2024-05-02T20:00:00Z,Buy,515,504.1,100,-1090,1,-1465,0,1465,0,"	1082,1093" 
2024-04-27T04:00:00Z,"DIA",2024-05-02T20:00:00Z,Buy,390,381.18,100,-882,1,-1187,0,1187,0,"	1076,1096" 
2024-05-02T20:00:00Z,"DIA   240531P00360000",2024-06-01T04:00:00Z,Buy,0.76,0,1,-76,1,-76,0,76,0,"	1090,1097" 
2024-05-02T20:00:00Z,"DIA   240531P00372000",2024-06-01T04:00:00Z,Sell,1.97,0,1,197,1,0,197,4.5,1,"	1089,1098" 
2024-05-02T20:00:00Z,"GLD   240531P00202500",2024-06-01T04:00:00Z,Buy,0.53,0,1,-53,1,-53,0,53,0,"	1092,1099" 
2024-05-02T20:00:00Z,"GLD   240531P00210000",2024-06-01T04:00:00Z,Sell,2.27,0,1,227,1,0,227,31,1,"	1091,1100" 
2024-05-02T20:00:00Z,"IWM   240531P00181000",2024-06-01T04:00:00Z,Buy,0.41,0,1,-41,1,-41,0,41,0,"	1086,1101" 
2024-05-02T20:00:00Z,"IWM   240531P00191000",2024-06-01T04:00:00Z,Sell,1.47,0,1,147,1,0,147,8,1,"	1085,1102" 
2024-05-02T20:00:00Z,"QQQ   240531P00400000",2024-06-01T04:00:00Z,Buy,1.78,0,1,-178,1,-178,0,178,0,"	1088,1103" 
2024-05-02T20:00:00Z,"QQQ   240531P00410000",2024-06-01T04:00:00Z,Sell,3.3,0,1,330,1,0,330,3,1,"	1087,1104" 
2024-05-02T20:00:00Z,"SPY   240531P00471000",2024-06-01T04:00:00Z,Buy,0.87,0,1,-87,1,-87,0,87,0,"	1084,1105" 
2024-06-04T20:00:00Z,"DIA   240628P00368000",2024-06-29T04:00:00Z,Buy,0.86,0,1,-86,1,-86,20.5,106.5,0,"	1113,1116" 
2024-06-04T20:00:00Z,"DIA   240628P00380000",2024-06-29T04:00:00Z,Sell,2.47,0,1,247,1,0,247,36,1,"	1112,1117" 
2024-06-04T20:00:00Z,"GLD   240628P00205000",2024-06-29T04:00:00Z,Buy,0.32,0,1,-32,1,-32,54,86,0,"	1115,1118" 
2024-06-04T20:00:00Z,"GLD   240628P00215000",2024-06-29T04:00:00Z,Sell,2,0,1,200,1,-290,200,362,1,"	1114,1119" 
2024-06-04T20:00:00Z,"IWM   240628P00191000",2024-06-29T04:00:00Z,Buy,0.76,0,1,-76,1,-76,12,88,0,"	1109,1120" 
2024-06-04T20:00:00Z,"IWM   240628P00200000",2024-06-29T04:00:00Z,Sell,2.6,0,1,260,1,-65,260,199.5,1,"	1108,1121" 
2024-06-04T20:00:00Z,"QQQ   240628P00424000",2024-06-29T04:00:00Z,Buy,1.2,0,1,-120,1,-120,0,120,0,"	1111,1122" 
2024-06-04T20:00:00Z,"QQQ   240628P00443000",2024-06-29T04:00:00Z,Sell,3.86,0,1,386,1,0,386,5,1,"	1110,1123" 
2024-06-04T20:00:00Z,"SPY   240628P00501000",2024-06-29T04:00:00Z,Buy,1.2,0,1,-120,1,-120,0,120,0,"	1107,1124" 
2024-06-04T20:00:00Z,"SPY   240628P00519000",2024-06-29T04:00:00Z,Sell,3.87,0,1,387,1,0,387,8.5,1,"	1106,1125" 
2024-07-02T20:00:00Z,"DIA   240726P00376000",2024-07-27T04:00:00Z,Buy,10,0,1,-1000,1,-1000,0,1000,0,"	1133,1136" 
2024-07-02T20:00:00Z,"DIA   240726P00386000",2024-07-27T04:00:00Z,Sell,1.06,0,1,106,1,-41,106,41,1,"	1132,1137" 
2024-07-02T20:00:00Z,"GLD   240726P00207500",2024-07-27T04:00:00Z,Buy,10,0,1,-1000,1,-1000,0,1000,0,"	1135,1138" 
2024-07-02T20:00:00Z,"GLD   240726P00212500",2024-07-27T04:00:00Z,Sell,0.05,0,1,5,1,-120,5,120,1,"	1134,1139" 
2024-07-02T20:00:00Z,"IWM   240726P00190000",2024-07-27T04:00:00Z,Buy,0.51,0,1,-51,1,-51,160,211,0,"	1129,1140" 
2024-07-02T20:00:00Z,"IWM   240726P00197000",2024-07-27T04:00:00Z,Sell,1.52,0,1,152,1,0,152,21,1,"	1128,1141" 
2024-07-02T20:00:00Z,"QQQ   240726P00455000",2024-07-27T04:00:00Z,Buy,1.24,0,1,-124,1,-124,38,162,0,"	1131,1142" 
2024-07-02T20:00:00Z,"QQQ   240726P00473000",2024-07-27T04:00:00Z,Sell,3.9,0,1,390,1,-1072.5,390,1416,0,"	1130,1143" 
2024-07-02T20:00:00Z,"SPY   240726P00523000",2024-07-27T04:00:00Z,Buy,1.05,0,1,-105,1,-105,0,105,0,"	1127,1144" 
2024-07-02T20:00:00Z,"SPY   240726P00538000",2024-07-27T04:00:00Z,Sell,2.51,0,1,251,1,0,251,193.5,1,"	1126,1145" 
2024-07-27T04:00:00Z,"QQQ",2024-08-09T20:00:00Z,Buy,473,446.75,100,-2625,1,-3823,0,3823,0,"	1143,1156" 
2024-08-02T20:00:00Z,"DIA   240830P00378000",2024-08-31T04:00:00Z,Buy,10,0,1,-1000,1,-1000,0,1000,0,"	1151,1157" 
2024-08-02T20:00:00Z,"DIA   240830P00395000",2024-08-31T04:00:00Z,Sell,0.75,0,1,75,1,-1212,75,1212,1,"	1150,1158" 
2024-08-02T20:00:00Z,"GLD   240830P00215000",2024-08-31T04:00:00Z,Buy,0.37,0,1,-37,1,-37,116,153,0,"	1153,1159" 
2024-08-02T20:00:00Z,"GLD   240830P00220000",2024-08-31T04:00:00Z,Sell,0.96,0,1,96,1,-224,96,224,1,"	1152,1160" 
2024-08-02T20:00:00Z,"IWM   240830P00196000",2024-08-31T04:00:00Z,Buy,2.36,0,1,-236,1,-236,317.5,553.5,0,"	1149,1161" 
2024-08-02T20:00:00Z,"IWM   240830P00209000",2024-08-31T04:00:00Z,Sell,5.56,0,1,556,1,-581,556,581,1,"	1148,1162" 
2024-08-02T20:00:00Z,"SPY   240830P00515000",2024-08-31T04:00:00Z,Buy,4.64,0,1,-464,1,-464,1005,1469,0,"	1147,1163" 
2024-08-02T20:00:00Z,"SPY   240830P00531000",2024-08-31T04:00:00Z,Sell,7.89,0,1,789,1,-1401,789,1401,1,"	1146,1164" 
2024-08-09T20:00:00Z,"QQQ   240906P00405000",2024-09-07T04:00:00Z,Buy,2.85,0,1,-285,1,-285,0,285,0,"	1155,1173" 
2024-08-09T20:00:00Z,"QQQ   240906P00430000",2024-09-07T04:00:00Z,Sell,6.94,0,1,694,1,0,694,24,1,"	1154,1174" 
2024-09-04T20:00:00Z,"DIA   240930P00385000",2024-10-01T04:00:00Z,Buy,1.44,0,1,-144,1,-144,28,172,0,"	1168,1177" 
2024-09-04T20:00:00Z,"DIA   240930P00402000",2024-10-01T04:00:00Z,Sell,3.35,0,1,335,1,-209,335,239,1,"	1167,1178" 
2024-09-04T20:00:00Z,"GLD   240930P00220000",2024-10-01T04:00:00Z,Buy,0.64,0,1,-64,1,-64,0,64,0,"	1170,1179" 
2024-09-04T20:00:00Z,"GLD   240930P00225000",2024-10-01T04:00:00Z,Sell,1.57,0,1,157,1,0,157,34.5,1,"	1169,1180" 
2024-09-04T20:00:00Z,"IWM   240930P00193000",2024-10-01T04:00:00Z,Buy,0.96,0,1,-96,1,-96,27,123,0,"	1166,1181" 
2024-09-04T20:00:00Z,"IWM   240930P00206000",2024-10-01T04:00:00Z,Sell,2.95,0,1,295,1,-152.5,295,167.5,1,"	1165,1182" 
2024-09-05T20:00:00Z,"SPY   240930P00519000",2024-10-01T04:00:00Z,Buy,2.54,0,1,-254,1,-254,156,410,0,"	1172,1183" 
2024-09-05T20:00:00Z,"SPY   240930P00538000",2024-10-01T04:00:00Z,Sell,5.27,0,1,527,1,-354.5,527,356.5,1,"	1171,1184" 
2024-09-10T20:00:00Z,"QQQ   241004P00420000",2024-10-05T04:00:00Z,Buy,2.16,0,1,-216,1,-216,0,216,0,"	1176,1195" 
2024-09-10T20:00:00Z,"QQQ   241004P00440000",2024-10-05T04:00:00Z,Sell,5.21,0,1,521,1,0,521,16,1,"	1175,1196" 
2024-10-02T20:00:00Z,"SPY   241031P00541000",2024-11-01T04:00:00Z,Buy,3.24,0,1,-324,1,-324,0,324,0,"	1186,1197" 
2024-10-02T20:00:00Z,"SPY   241031P00556000",2024-11-01T04:00:00Z,Sell,5.49,0,1,549,1,0,549,175,1,"	1185,1198" 
2024-10-02T20:00:00Z,"DIA   241101P00390000",2024-11-02T04:00:00Z,Buy,1.23,0,1,-123,1,-123,34.5,157.5,0,"	1190,1209" 
2024-10-02T20:00:00Z,"DIA   241101P00412500",2024-11-02T04:00:00Z,Sell,3.4,0,1,340,1,-75,340,127.5,1,"	1189,1210" 
2024-10-02T20:00:00Z,"GLD   241101P00230000",2024-11-02T04:00:00Z,Buy,0.48,0,1,-48,1,-48,8,56,0,"	1192,1211" 
2024-10-02T20:00:00Z,"GLD   241101P00240000",2024-11-02T04:00:00Z,Sell,2.05,0,1,205,1,-87,205,109,1,"	1191,1212" 
2024-10-02T20:00:00Z,"IWM   241101P00197000",2024-11-02T04:00:00Z,Buy,0.97,0,1,-97,1,-97,1,98,0,"	1188,1213" 
2024-10-02T20:00:00Z,"IWM   241101P00211000",2024-11-02T04:00:00Z,Sell,3.12,0,1,312,1,-21,312,60,1,"	1187,1214" 
2024-10-03T20:00:00Z,"QQQ   241101P00453000",2024-11-02T04:00:00Z,Buy,3.79,0,1,-379,1,-379,0,379,0,"	1194,1215" 
2024-10-03T20:00:00Z,"QQQ   241101P00468000",2024-11-02T04:00:00Z,Sell,6.2,0,1,620,1,0,620,166,1,"	1193,1216" 
2024-11-04T21:00:00Z,"DIA   241129P00390000",2024-11-30T05:00:00Z,Buy,1.52,0,1,-152,1,-152,0,152,0,"	1206,1217" 
2024-11-04T21:00:00Z,"DIA   241129P00410000",2024-11-30T05:00:00Z,Sell,3.95,0,1,395,1,-30,395,30,1,"	1205,1218" 
2024-11-04T21:00:00Z,"GLD   241129P00236000",2024-11-30T05:00:00Z,Buy,0.57,0,1,-57,1,-57,179,236,0,"	1208,1219" 
2024-11-04T21:00:00Z,"GLD   241129P00247000",2024-11-30T05:00:00Z,Sell,2.08,0,1,208,1,-837,208,842.5,1,"	1207,1220" 
2024-11-04T21:00:00Z,"IWM   241129P00195000",2024-11-30T05:00:00Z,Buy,20,0,1,-2000,1,-2000,0,2000,0,"	1202,1221" 
2024-11-04T21:00:00Z,"IWM   241129P00211000",2024-11-30T05:00:00Z,Sell,0.22,0,1,22,1,-256.5,22,256.5,1,"	1201,1222" 
2024-11-04T21:00:00Z,"QQQ   241129P00455000",2024-11-30T05:00:00Z,Buy,3.55,0,1,-355,1,-355,0,355,0,"	1204,1223" 
2024-11-04T21:00:00Z,"QQQ   241129P00470000",2024-11-30T05:00:00Z,Sell,6.22,0,1,622,1,0,622,66,1,"	1203,1224" 
2024-11-04T21:00:00Z,"SPY   241129P00536000",2024-11-30T05:00:00Z,Buy,2.87,0,1,-287,1,-287,0,287,0,"	1200,1225" 
2024-11-04T21:00:00Z,"SPY   241129P00556000",2024-11-30T05:00:00Z,Sell,5.96,0,1,596,1,0,596,34,1,"	1199,1226" 
2024-11-30T05:00:00Z,"GLD",2024-12-03T21:00:00Z,Buy,247,244.96,100,-204,1,-356,0,356,0,"	1220,1237" 
2024-12-03T21:00:00Z,"IWM   241227P00235000",2024-12-23T05:00:00Z,Sell,0.11,0,1,11,1,-1501,11,1501,0,"	1229,1238" 
2024-12-03T21:00:00Z,"DIA   241227P00426000",2024-12-28T05:00:00Z,Buy,0.91,0,1,-91,1,-91,544,635,0,"	1234,1239" 
2024-12-03T21:00:00Z,"DIA   241227P00442000",2024-12-28T05:00:00Z,Sell,2.58,0,1,258,1,-1619.5,258,1680.5,0,"	1233,1240" 
2024-12-03T21:00:00Z,"GLD   241227P00231000",2024-12-28T05:00:00Z,Buy,0.35,0,1,-35,1,-35,16,51,0,"	1236,1241" 
2024-12-03T21:00:00Z,"GLD   241227P00239000",2024-12-28T05:00:00Z,Sell,1.32,0,1,132,1,-78,132,185,1,"	1235,1242" 
2024-12-03T21:00:00Z,"IWM   241227P00222500",2024-12-28T05:00:00Z,Buy,20,0,1,-2000,1,-2000,0,2000,0,"	1230,1243" 
2024-12-03T21:00:00Z,"QQQ   241227P00482500",2024-12-28T05:00:00Z,Buy,1.37,0,1,-137,1,-137,0,137,0,"	1232,1244" 
2024-12-03T21:00:00Z,"QQQ   241227P00505000",2024-12-28T05:00:00Z,Sell,4.19,0,1,419,1,0,419,340,1,"	1231,1245" 
2024-12-03T21:00:00Z,"SPY   241227P00573000",2024-12-28T05:00:00Z,Buy,1.24,0,1,-124,1,-124,203,327,0,"	1228,1246" 
2024-12-03T21:00:00Z,"SPY   241227P00595000",2024-12-28T05:00:00Z,Sell,3.35,0,1,335,1,-887,335,1102,1,"	1227,1247" 
2024-12-23T05:00:00Z,"IWM",2024-12-28T05:00:00Z,Buy,235,222.5,100,-125000,0,-135900,0,135900,0,"	1238,1243" 
2024-12-28T05:00:00Z,"DIA",2025-01-03T21:00:00Z,Buy,442,425.82,100,-1618,1,-1820,0,1820,0,"	1240,1256" 
2025-01-03T21:00:00Z,"DIA   250131P00395000",2025-02-01T05:00:00Z,Buy,80,0,1,-8000,1,-8000,0,8000,0,"	1253,1259" 
2025-01-03T21:00:00Z,"DIA   250131P00415000",2025-02-01T05:00:00Z,Sell,0.05,0,1,5,1,-407.5,5,407.5,1,"	1252,1260" 
2025-01-03T21:00:00Z,"GLD   250131P00233000",2025-02-01T05:00:00Z,Buy,0.6,0,1,-60,1,-60,0,60,0,"	1255,1261" 
2025-01-03T21:00:00Z,"GLD   250131P00241000",2025-02-01T05:00:00Z,Sell,1.72,0,1,172,1,-46.5,172,46.5,1,"	1254,1262" 
2025-01-03T21:00:00Z,"IWM   250131P00200000",2025-02-01T05:00:00Z,Buy,20,0,1,-2000,1,-2000,0,2000,0,"	1251,1263" 
2025-01-03T21:00:00Z,"IWM   250131P00214000",2025-02-01T05:00:00Z,Sell,2,0,1,200,1,-167,200,222,1,"	1250,1264" 
2025-01-03T21:00:00Z,"SPY   250131P00549000",2025-02-01T05:00:00Z,Buy,1.57,0,1,-157,1,-157,22.5,179.5,0,"	1249,1267" 
2025-01-03T21:00:00Z,"SPY   250131P00572000",2025-02-01T05:00:00Z,Sell,3.64,0,1,364,1,-196,364,335,1,"	1248,1268" 
2025-01-06T21:00:00Z,"QQQ   250131P00485000",2025-02-01T05:00:00Z,Buy,1.57,0,1,-157,1,-157,193,350,0,"	1258,1265" 
2025-01-06T21:00:00Z,"QQQ   250131P00505000",2025-02-01T05:00:00Z,Sell,3.83,0,1,383,1,-572,383,588,1,"	1257,1266" 
2025-02-04T21:00:00Z,"DIA   250228P00418000",2025-03-01T05:00:00Z,Buy,1.02,0,1,-102,1,-102,0,102,0,"	1274,1279" 
2025-02-04T21:00:00Z,"DIA   250228P00436000",2025-03-01T05:00:00Z,Sell,3,0,1,300,1,-117.5,300,358,1,"	1273,1280" 
2025-02-04T21:00:00Z,"GLD   250228P00246000",2025-03-01T05:00:00Z,Buy,2.54,0,1,-254,1,-254,0,254,0,"	1276,1281" 
2025-02-04T21:00:00Z,"GLD   250228P00255000",2025-03-01T05:00:00Z,Sell,0.24,0,1,24,1,-117,24,117,1,"	1275,1282" 
2025-02-04T21:00:00Z,"IWM   250228P00205000",2025-03-01T05:00:00Z,Buy,0.7,0,1,-70,1,-70,0,70,0,"	1272,1283" 
2025-02-04T21:00:00Z,"IWM   250228P00217000",2025-03-01T05:00:00Z,Sell,2.46,0,1,246,1,-219,246,442,1,"	1271,1284" 
2025-02-04T21:00:00Z,"SPY   250228P00568000",2025-03-01T05:00:00Z,Buy,2.19,0,1,-219,1,-219,0,219,0,"	1270,1285" 
2025-02-04T21:00:00Z,"SPY   250228P00585000",2025-03-01T05:00:00Z,Sell,4.62,0,1,462,1,0,462,233.5,1,"	1269,1286" 
2025-02-05T21:00:00Z,"QQQ   250307P00490000",2025-03-08T05:00:00Z,Buy,2.96,0,1,-296,1,-296,272,568,0,"	1278,1298" 
2025-02-05T21:00:00Z,"QQQ   250307P00510000",2025-03-08T05:00:00Z,Sell,6.54,0,1,654,1,-1581.5,654,2121.5,0,"	1277,1299" 
2025-03-01T05:00:00Z,"IWM",2025-03-04T21:00:00Z,Buy,217,205.86,100,-1114,1,-1114,0,1114,0,"	1284,1293" 
2025-03-04T21:00:00Z,"DIA   250328P00405000",2025-03-29T04:00:00Z,Buy,2.17,0,1,-217,1,-217,335.5,552.5,0,"	1290,1300" 
2025-03-04T21:00:00Z,"DIA   250328P00422500",2025-03-29T04:00:00Z,Sell,4.45,0,1,445,1,-1117.5,445,1117.5,0,"	1289,1301" 
2025-03-04T21:00:00Z,"GLD   250328P00252500",2025-03-29T04:00:00Z,Buy,2.53,0,1,-253,1,-253,0,253,0,"	1292,1302" 
2025-03-04T21:00:00Z,"GLD   250328P00261000",2025-03-29T04:00:00Z,Sell,1.14,0,1,114,1,-64,114,64,1,"	1291,1303" 
2025-03-04T21:00:00Z,"IWM   250328P00190000",2025-03-29T04:00:00Z,Buy,1.55,0,1,-155,1,-155,77.5,232.5,0,"	1288,1304" 
2025-03-04T21:00:00Z,"IWM   250328P00201000",2025-03-29T04:00:00Z,Sell,3.93,0,1,393,1,-261,393,367,1,"	1287,1305" 
2025-03-06T21:00:00Z,"QQQ   250331P00463000",2025-04-01T04:00:00Z,Buy,4.82,0,1,-482,1,-482,526,1008,0,"	1297,1306" 
2025-03-06T21:00:00Z,"QQQ   250331P00485000",2025-04-01T04:00:00Z,Sell,9.66,0,1,966,1,-1284,966,1441,0,"	1296,1307" 
2025-03-06T21:00:00Z,"SPY   250331P00537000",2025-04-01T04:00:00Z,Buy,3.31,0,1,-331,1,-331,311.5,642.5,0,"	1295,1308" 
2025-03-06T21:00:00Z,"SPY   250331P00567000",2025-04-01T04:00:00Z,Sell,8.73,0,1,873,1,-1219,873,1256,1,"	1294,1309" 
2025-03-08T05:00:00Z,"QQQ",2025-04-01T14:00:00Z,Buy,510,468.92,100,-4108,1,-4166,0,4166,0,"	1299,1310" 
2025-03-29T04:00:00Z,"IWM",2025-04-02T20:00:00Z,Buy,201,196.8,100,-420,1,-420,166,586,0,"	1305,1322" 
2025-03-29T04:00:00Z,"DIA",2025-04-02T20:00:00Z,Buy,422.5,416.27,100,-623,1,-623,0,623,0,"	1301,1324" 
2025-04-01T04:00:00Z,"QQQ",2025-04-01T14:00:00Z,Buy,485,468.92,80,-1286.4,0,-1332.8,2000,1286.4,0,"	1307,1310" 
2025-04-01T04:00:00Z,"SPY",2025-04-02T20:00:00Z,Buy,567,555,100,-1200,1,-1200,0,1200,0,"	1309,1321" 
2025-04-01T04:00:00Z,"QQQ",2025-04-02T20:00:00Z,Buy,485,466.34,20,-373.2,1,-373.2,500,373.2,0,"	1307,1323" 
2025-04-02T20:00:00Z,"SPY   250430P00525000",2025-05-01T04:00:00Z,Buy,4.04,0,1,-404,1,-404,3228,3632,0,"	1312,1325" 
2025-04-02T20:00:00Z,"DIA   250502P00385000",2025-05-03T04:00:00Z,Buy,1.66,0,1,-166,1,-166,1734,1900,0,"	1318,1336" 
2025-04-02T20:00:00Z,"GLD   250502P00269000",2025-05-03T04:00:00Z,Buy,0.67,0,1,-67,1,-67,273,340,0,"	1320,1337" 
2025-04-02T20:00:00Z,"IWM   250502P00180000",2025-05-03T04:00:00Z,Buy,20,0,1,-2000,1,-2000,0,2000,0,"	1314,1338" 
2025-05-02T20:00:00Z,"DIA   250530P00373000",2025-05-31T04:00:00Z,Buy,1.1,0,1,-110,1,-110,7,117,0,"	1331,1339" 
2025-05-02T20:00:00Z,"DIA   250530P00396000",2025-05-31T04:00:00Z,Sell,3.1,0,1,310,1,-90,310,150,1,"	1330,1340" 
2025-05-02T20:00:00Z,"GLD   250530P00277000",2025-05-31T04:00:00Z,Buy,10,0,1,-1000,1,-1000,0,1000,0,"	1333,1341" 
2025-05-02T20:00:00Z,"GLD   250530P00290000",2025-05-31T04:00:00Z,Sell,0.4,0,1,40,1,-282.5,40,282.5,1,"	1332,1342" 
2025-05-02T20:00:00Z,"IWM   250530P00175000",2025-05-31T04:00:00Z,Buy,20,0,1,-2000,1,-2000,0,2000,0,"	1329,1343" 
2025-05-02T20:00:00Z,"IWM   250530P00189000",2025-05-31T04:00:00Z,Sell,2.24,0,1,224,1,-36,224,73,1,"	1328,1344" 
2025-05-02T20:00:00Z,"SPY   250530P00521000",2025-05-31T04:00:00Z,Buy,2.72,0,1,-272,1,-272,29.5,301.5,0,"	1327,1347" 
2025-05-02T20:00:00Z,"SPY   250530P00541000",2025-05-31T04:00:00Z,Sell,5.28,0,1,528,1,-83,528,147,1,"	1326,1348" 
2025-05-05T20:00:00Z,"QQQ   250530P00453000",2025-05-31T04:00:00Z,Buy,4.21,0,1,-421,1,-421,0,421,0,"	1335,1345" 
2025-05-05T20:00:00Z,"QQQ   250530P00473000",2025-05-31T04:00:00Z,Sell,7.6,0,1,760,1,-94,760,140,1,"	1334,1346" 
2025-06-03T20:00:00Z,"DIA   250627P00396000",2025-06-28T04:00:00Z,Buy,1.1,0,1,-110,1,-110,0,110,0,"	1356,1359" 
2025-06-03T20:00:00Z,"DIA   250627P00415000",2025-06-28T04:00:00Z,Sell,3.35,0,1,335,1,0,335,243,1,"	1355,1360" 
2025-06-03T20:00:00Z,"GLD   250627P00292000",2025-06-28T04:00:00Z,Buy,0.88,0,1,-88,1,-88,11.5,99.5,0,"	1358,1361" 
2025-06-03T20:00:00Z,"GLD   250627P00304000",2025-06-28T04:00:00Z,Sell,2.84,0,1,284,1,-151,284,261,1,"	1357,1362" 
2025-06-03T20:00:00Z,"IWM   250627P00187000",2025-06-28T04:00:00Z,Buy,20,0,1,-2000,1,-2000,0,2000,0,"	1352,1363" 
2025-06-03T20:00:00Z,"IWM   250627P00200000",2025-06-28T04:00:00Z,Sell,2.26,0,1,226,1,0,226,83.5,1,"	1351,1364" 
2025-06-03T20:00:00Z,"QQQ   250627P00491000",2025-06-28T04:00:00Z,Buy,2.64,0,1,-264,1,-264,0,264,0,"	1354,1365" 
2025-06-03T20:00:00Z,"QQQ   250627P00509000",2025-06-28T04:00:00Z,Sell,5.29,0,1,529,1,0,529,147.5,1,"	1353,1366" 
2025-06-03T20:00:00Z,"SPY   250627P00554000",2025-06-28T04:00:00Z,Buy,1.92,0,1,-192,1,-192,0,192,0,"	1350,1367" 
2025-06-03T20:00:00Z,"SPY   250627P00579000",2025-06-28T04:00:00Z,Sell,5.17,0,1,517,1,0,517,209.5,1,"	1349,1368" 
2025-06-28T04:00:00Z,"GLD",2025-07-02T20:00:00Z,Buy,304,308.02,100,402,1,0,525,123,1,"	1362,1377" 
2025-07-02T20:00:00Z,"SPY   250731P00585000",2025-08-01T04:00:00Z,Buy,2.47,0,1,-247,1,-247,0,247,0,"	1370,1382" 
2025-07-02T20:00:00Z,"SPY   250731P00605000",2025-08-01T04:00:00Z,Sell,5.34,0,1,534,1,0,534,77.5,1,"	1369,1383" 
2025-07-02T20:00:00Z,"DIA   250801P00416000",2025-08-02T04:00:00Z,Buy,1.26,0,1,-126,1,-126,0,126,0,"	1374,1390" 
2025-07-02T20:00:00Z,"DIA   250801P00436000",2025-08-02T04:00:00Z,Sell,3.6,0,1,360,1,-105,360,256,1,"	1373,1391" 
2025-07-02T20:00:00Z,"GLD   250801P00290000",2025-08-02T04:00:00Z,Buy,0.58,0,1,-58,1,-58,3.5,61.5,0,"	1376,1392" 
2025-07-02T20:00:00Z,"GLD   250801P00301000",2025-08-02T04:00:00Z,Sell,2.27,0,1,227,1,-111,227,141,1,"	1375,1393" 
2025-07-02T20:00:00Z,"IWM   250801P00198000",2025-08-02T04:00:00Z,Buy,20,0,1,-2000,1,-2000,0,2000,0,"	1372,1394" 
2025-07-02T20:00:00Z,"IWM   250801P00211000",2025-08-02T04:00:00Z,Sell,1.18,0,1,118,1,-110,118,110,1,"	1371,1395" 
2025-07-03T17:00:00Z,"QQQ   250731P00520000",2025-08-01T04:00:00Z,Buy,2.48,0,1,-248,1,-248,0,248,0,"	1379,1380" 
2025-07-03T17:00:00Z,"QQQ   250731P00535000",2025-08-01T04:00:00Z,Sell,4.21,0,1,421,1,-48,421,68,1,"	1378,1381" 
2025-08-02T04:00:00Z,"DIA",2025-08-04T20:00:00Z,Buy,436,437.85,100,185,1,0,581,396,1,"	1391,1396" 
2025-08-04T20:00:00Z,"DIA   250829P00410000",2025-08-30T04:00:00Z,Buy,1.6,0,1,-160,1,-160,0,160,0,"	1387,1401" 
2025-08-04T20:00:00Z,"DIA   250829P00426000",2025-08-30T04:00:00Z,Sell,2.84,0,1,284,1,0,284,43,1,"	1386,1402" 
2025-08-04T20:00:00Z,"GLD   250829P00293000",2025-08-30T04:00:00Z,Buy,0.76,0,1,-76,1,-76,0,76,0,"	1389,1403" 
2025-08-04T20:00:00Z,"GLD   250829P00303000",2025-08-30T04:00:00Z,Sell,1.51,0,1,151,1,-25.5,151,79.5,1,"	1388,1404" 
2025-08-04T20:00:00Z,"IWM   250829P00190000",2025-08-30T04:00:00Z,Buy,20,0,1,-2000,1,-2000,0,2000,0,"	1385,1405" 
2025-08-04T20:00:00Z,"IWM   250829P00207000",2025-08-30T04:00:00Z,Sell,2.43,0,1,243,1,0,243,20,1,"	1384,1406" 
2025-08-05T20:00:00Z,"QQQ   250829P00525000",2025-08-30T04:00:00Z,Buy,2.02,0,1,-202,1,-202,39,241,0,"	1400,1407" 
2025-08-05T20:00:00Z,"QQQ   250829P00550000",2025-08-30T04:00:00Z,Sell,5.03,0,1,503,1,-137.5,503,177.5,1,"	1399,1408" 
2025-08-05T20:00:00Z,"SPY   250829P00588000",2025-08-30T04:00:00Z,Buy,1.57,0,1,-157,1,-157,21,178,0,"	1398,1409" 
2025-08-05T20:00:00Z,"SPY   250829P00618000",2025-08-30T04:00:00Z,Sell,4.66,0,1,466,1,-104,466,104,1,"	1397,1410" 
2025-09-03T20:00:00Z,"DIA   250930P00425000",2025-10-01T04:00:00Z,Buy,1.13,0,1,-113,1,-113,0,113,0,"	1416,1421" 
2025-09-03T20:00:00Z,"DIA   250930P00445000",2025-10-01T04:00:00Z,Sell,3.4,0,1,340,1,0,340,88,1,"	1415,1422" 
2025-09-03T20:00:00Z,"GLD   250930P00306000",2025-10-01T04:00:00Z,Buy,0.96,0,1,-96,1,-96,0,96,0,"	1418,1423" 
2025-09-03T20:00:00Z,"GLD   250930P00318000",2025-10-01T04:00:00Z,Sell,1.98,0,1,198,1,-16.5,198,16.5,1,"	1417,1424" 
2025-09-03T20:00:00Z,"IWM   250930P00213000",2025-10-01T04:00:00Z,Buy,20,0,1,-2000,1,-2000,0,2000,0,"	1414,1425" 
2025-09-03T20:00:00Z,"IWM   250930P00227000",2025-10-01T04:00:00Z,Sell,0.2,0,1,20,1,-275.5,20,275.5,1,"	1413,1426" 
2025-09-03T20:00:00Z,"SPY   250930P00611000",2025-10-01T04:00:00Z,Buy,2.87,0,1,-287,1,-287,0,287,0,"	1412,1429" 
2025-09-03T20:00:00Z,"SPY   250930P00626000",2025-10-01T04:00:00Z,Sell,4.79,0,1,479,1,0,479,11.5,1,"	1411,1430" 
2025-09-04T20:00:00Z,"QQQ   250930P00533000",2025-10-01T04:00:00Z,Buy,2.49,0,1,-249,1,-249,0,249,0,"	1420,1427" 
2025-09-04T20:00:00Z,"QQQ   250930P00555000",2025-10-01T04:00:00Z,Sell,5.49,0,1,549,1,0,549,7,1,"	1419,1428" 
2025-10-02T20:00:00Z,"DIA   251031P00435000",2025-11-01T04:00:00Z,Buy,1.26,0,1,-126,1,-126,128,254,0,"	1436,1441" 
2025-10-02T20:00:00Z,"DIA   251031P00455000",2025-11-01T04:00:00Z,Sell,3.35,0,1,335,1,-390,335,465,1,"	1435,1442" 
2025-10-02T20:00:00Z,"GLD   251031P00334000",2025-11-01T04:00:00Z,Buy,0.73,0,1,-73,1,-73,9,82,0,"	1438,1443" 
2025-10-02T20:00:00Z,"GLD   251031P00348000",2025-11-01T04:00:00Z,Sell,2.71,0,1,271,1,-74,271,74,1,"	1437,1444" 
2025-10-02T20:00:00Z,"IWM   251031P00222500",2025-11-01T04:00:00Z,Buy,0.79,0,1,-79,1,-79,80,159,0,"	1434,1445" 
2025-10-02T20:00:00Z,"IWM   251031P00236000",2025-11-01T04:00:00Z,Sell,2.62,0,1,262,1,-221.5,262,330.5,1,"	1433,1446" 
2025-10-02T20:00:00Z,"SPY   251031P00631000",2025-11-01T04:00:00Z,Buy,2.13,0,1,-213,1,-213,326,539,0,"	1432,1449" 
2025-10-02T20:00:00Z,"SPY   251031P00655000",2025-11-01T04:00:00Z,Sell,4.69,0,1,469,1,-706,469,817,1,"	1431,1450" 
2025-10-07T20:00:00Z,"QQQ   251031P00575000",2025-11-01T04:00:00Z,Buy,3.02,0,1,-302,1,-302,523,825,0,"	1440,1447" 
2025-10-07T20:00:00Z,"QQQ   251031P00593000",2025-11-01T04:00:00Z,Sell,5.61,0,1,561,1,-877,561,962,1,"	1439,1448" 
2025-11-04T21:00:00Z,"DIA   251128P00445000",2025-11-29T05:00:00Z,Buy,1.68,0,1,-168,1,-168,44,212,0,"	1458,1461" 
2025-11-04T21:00:00Z,"DIA   251128P00464000",2025-11-29T05:00:00Z,Sell,4.55,0,1,455,1,-385,455,750.5,1,"	1457,1462" 
2025-11-04T21:00:00Z,"GLD   251128P00346000",2025-11-29T05:00:00Z,Buy,1.45,0,1,-145,1,-145,22.5,167.5,0,"	1460,1463" 
2025-11-04T21:00:00Z,"GLD   251128P00360000",2025-11-29T05:00:00Z,Sell,5.05,0,1,505,1,-70,505,116,1,"	1459,1464" 
2025-11-04T21:00:00Z,"IWM   251128P00225000",2025-11-29T05:00:00Z,Buy,20,0,1,-2000,1,-2000,0,2000,0,"	1454,1465" 
2025-11-04T21:00:00Z,"IWM   251128P00238000",2025-11-29T05:00:00Z,Sell,4.16,0,1,416,1,-504.5,416,731.5,1,"	1453,1466" 
2025-11-04T21:00:00Z,"QQQ   251128P00597000",2025-11-29T05:00:00Z,Buy,5.49,0,1,-549,1,-549,1117.5,1666.5,0,"	1456,1467" 
2025-11-04T21:00:00Z,"QQQ   251128P00616000",2025-11-29T05:00:00Z,Sell,9.87,0,1,987,1,-2082,987,2355,1,"	1455,1468" 
2025-11-04T21:00:00Z,"SPY   251128P00648000",2025-11-29T05:00:00Z,Buy,3.78,0,1,-378,1,-378,313,691,0,"	1452,1469" 
2025-11-04T21:00:00Z,"SPY   251128P00670000",2025-11-29T05:00:00Z,Sell,8.13,0,1,813,1,-1077,813,1562.5,1,"	1451,1470" 
2025-12-02T21:00:00Z,"DIA   251226P00445000",2025-12-27T05:00:00Z,Buy,1.16,0,1,-116,1,-116,0,116,0,"	1476,1481" 
2025-12-02T21:00:00Z,"DIA   251226P00464000",2025-12-27T05:00:00Z,Sell,3.1,0,1,310,1,0,310,44.5,1,"	1475,1482" 
2025-12-02T21:00:00Z,"GLD   251226P00363000",2025-12-27T05:00:00Z,Buy,1.06,0,1,-106,1,-106,7,113,0,"	1478,1483" 
2025-12-02T21:00:00Z,"GLD   251226P00379000",2025-12-27T05:00:00Z,Sell,3.8,0,1,380,1,-62.5,380,62.5,1,"	1477,1484" 
2025-12-02T21:00:00Z,"IWM   251226P00225000",2025-12-27T05:00:00Z,Buy,20,0,1,-2000,1,-2000,0,2000,0,"	1474,1485" 
2025-12-02T21:00:00Z,"IWM   251226P00238000",2025-12-27T05:00:00Z,Sell,2.28,0,1,228,1,-36,228,36,1,"	1473,1486" 
2025-12-02T21:00:00Z,"SPY   251226P00645000",2025-12-27T05:00:00Z,Buy,2.28,0,1,-228,1,-228,0,228,0,"	1472,1487" 
2025-12-02T21:00:00Z,"SPY   251226P00666000",2025-12-27T05:00:00Z,Sell,5,0,1,500,1,0,500,327.5,1,"	1471,1488" 
2025-12-03T21:00:00Z,"QQQ   251231P00584000",2026-01-01T05:00:00Z,Buy,4.43,0,1,-443,1,-443,30.5,473.5,0,"	1480,1489" 
2025-12-03T21:00:00Z,"QQQ   251231P00605000",2026-01-01T05:00:00Z,Sell,7.8,0,1,780,1,-445.5,780,885.5,1,"	1479,1490" 
2026-01-05T21:00:00Z,"DIA   260130P00457000",2026-01-31T05:00:00Z,Buy,10,0,1,-1000,1,-1000,0,1000,0,"	1498,1501" 
2026-01-05T21:00:00Z,"DIA   260130P00475000",2026-01-31T05:00:00Z,Sell,0.15,0,1,15,1,-233,15,233,1,"	1497,1502" 
2026-01-05T21:00:00Z,"GLD   260130P00367000",2026-01-31T05:00:00Z,Buy,1.18,0,1,-118,1,-118,0,118,0,"	1500,1503" 
2026-01-05T21:00:00Z,"GLD   260130P00387000",2026-01-31T05:00:00Z,Sell,2.27,0,1,227,1,-6.5,227,20,1,"	1499,1504" 
2026-01-05T21:00:00Z,"IWM   260130P00231000",2026-01-31T05:00:00Z,Buy,0.63,0,1,-63,1,-63,0,63,0,"	1494,1505" 
2026-01-05T21:00:00Z,"IWM   260130P00242500",2026-01-31T05:00:00Z,Sell,2.09,0,1,209,1,0,209,21,1,"	1493,1506" 
2026-01-05T21:00:00Z,"QQQ   260130P00581000",2026-01-31T05:00:00Z,Buy,2.51,0,1,-251,1,-251,17,268,0,"	1496,1507" 
2026-01-05T21:00:00Z,"QQQ   260130P00597000",2026-01-31T05:00:00Z,Sell,4.52,0,1,452,1,-123,452,365,1,"	1495,1508" 
2026-01-05T21:00:00Z,"SPY   260130P00644000",2026-01-31T05:00:00Z,Buy,1.31,0,1,-131,1,-131,19,150,0,"	1492,1509" 
2026-01-05T21:00:00Z,"SPY   260130P00671000",2026-01-31T05:00:00Z,Sell,4.03,0,1,403,1,-170,403,414,1,"	1491,1510" 
2026-02-03T21:00:00Z,"DIA   260227P00465000",2026-02-28T05:00:00Z,Buy,1.23,0,1,-123,1,-123,104,227,0,"	1518,1521" 
2026-02-03T21:00:00Z,"DIA   260227P00485000",2026-02-28T05:00:00Z,Sell,3.45,0,1,345,1,-290,345,290,1,"	1517,1522" 
2026-02-03T21:00:00Z,"IWM   260227P00242000",2026-02-28T05:00:00Z,Buy,20,0,1,-2000,1,-2000,0,2000,0,"	1514,1523" 
2026-02-03T21:00:00Z,"IWM   260227P00255000",2026-02-28T05:00:00Z,Sell,1.24,0,1,124,1,-454,124,454,1,"	1513,1524" 
2026-02-03T21:00:00Z,"QQQ   260227P00587000",2026-02-28T05:00:00Z,Buy,2.81,0,1,-281,1,-281,865.5,1146.5,0,"	1516,1525" 
2026-02-03T21:00:00Z,"QQQ   260227P00610000",2026-02-28T05:00:00Z,Sell,5.98,0,1,598,1,-1511,598,1511,1,"	1515,1526" 
2026-02-03T21:00:00Z,"SPY   260227P00652000",2026-02-28T05:00:00Z,Buy,1.65,0,1,-165,1,-165,359,524,0,"	1512,1527" 
2026-02-03T21:00:00Z,"SPY   260227P00682000",2026-02-28T05:00:00Z,Sell,4.84,0,1,484,1,-884,484,884,1,"	1511,1528" 
2026-02-04T21:00:00Z,"GLD   260306P00395000",2026-03-07T05:00:00Z,Buy,2.56,0,1,-256,1,-256,23,279,0,"	1520,1540" 
2026-02-04T21:00:00Z,"GLD   260306P00429000",2026-03-07T05:00:00Z,Sell,6.55,0,1,655,1,-377.5,655,377.5,1,"	1519,1541" 
2026-02-28T05:00:00Z,"QQQ",2026-03-05T21:00:00Z,Buy,610,607.47,100,-253,1,-842,75,842,0,"	1526,1539" 
2026-03-03T21:00:00Z,"GLD   260327P00471000",2026-03-23T04:00:00Z,Sell,13.45,0,1,1345,1,-4422.5,1345,4955.5,0,"	1535,1542" 
2026-03-03T21:00:00Z,"IWM   260327P00255000",2026-03-23T04:00:00Z,Sell,6.4,0,1,640,1,-695,640,933,0,"	1531,1543" 
2026-03-03T21:00:00Z,"DIA   260327P00477000",2026-03-27T20:00:00Z,Sell,8.4,0,1,840,1,-1720,840,2075,0,"	1533,1544" 
2026-03-03T21:00:00Z,"SPY   260327P00668000",2026-03-27T20:00:00Z,Sell,12.27,0,1,1227,1,-2170,1227,2723,0,"	1529,1545" 
2026-03-03T21:00:00Z,"DIA   260327P00455000",2026-03-28T04:00:00Z,Buy,4.15,0,1,-415,1,-415,155,570,0,"	1534,1546" 
2026-03-03T21:00:00Z,"GLD   260327P00444000",2026-03-28T04:00:00Z,Buy,7,0,1,-700,1,-700,3642,4342,1,"	1536,1547" 
2026-03-03T21:00:00Z,"IWM   260327P00235000",2026-03-28T04:00:00Z,Buy,20,0,1,-2000,1,-2000,0,2000,0,"	1532,1548" 
2026-03-03T21:00:00Z,"SPY   260327P00646000",2026-03-28T04:00:00Z,Buy,7.41,0,1,-741,1,-741,454,1195,1,"	1530,1549" 
2026-03-05T21:00:00Z,"QQQ   260331P00569000",2026-04-01T04:00:00Z,Buy,5.51,0,1,-551,1,-551,548.5,1099.5,0,"	1538,1550" 
2026-03-23T04:00:00Z,"GLD",2026-03-28T04:00:00Z,Buy,471,444,100,-270000,0,-703600,0,703600,0,"	1542,1547" 
2026-03-23T04:00:00Z,"IWM",2026-04-02T20:00:00Z,Buy,255,244.96,100,-1004,1,-1539,0,1539,0,"	1543,1559" 
2026-03-27T20:00:00Z,"DIA",2026-03-28T04:00:00Z,Buy,477,455,100,-220000,0,-220000,0,220000,0,"	1544,1546" 
2026-03-27T20:00:00Z,"SPY",2026-03-28T04:00:00Z,Buy,668,646,100,-220000,0,-220000,0,220000,0,"	1545,1549" 
2026-04-02T20:00:00Z,"SPY   260430P00611000",2026-05-01T04:00:00Z,Buy,6.54,0,1,-654,1,-654,0,654,0,"	1552,1562" 
2026-04-02T20:00:00Z,"SPY   260430P00635000",2026-05-01T04:00:00Z,Sell,11.57,0,1,1157,1,0,1157,63.5,1,"	1551,1563" 
2026-04-02T20:00:00Z,"DIA   260501P00430000",2026-05-02T04:00:00Z,Buy,80,0,1,-8000,1,-8000,0,8000,0,"	1556,1574" 
2026-04-02T20:00:00Z,"DIA   260501P00451000",2026-05-02T04:00:00Z,Sell,7.65,0,1,765,1,0,765,77.5,1,"	1555,1575" 
2026-04-02T20:00:00Z,"GLD   260501P00395000",2026-05-02T04:00:00Z,Buy,20,0,1,-2000,1,-2000,0,2000,0,"	1558,1576" 
2026-04-02T20:00:00Z,"GLD   260501P00418000",2026-05-02T04:00:00Z,Sell,12.45,0,1,1245,1,0,1245,266,1,"	1557,1577" 
2026-04-02T20:00:00Z,"IWM   260501P00220000",2026-05-02T04:00:00Z,Buy,20,0,1,-2000,1,-2000,0,2000,0,"	1554,1578" 
2026-04-02T20:00:00Z,"IWM   260501P00239000",2026-05-02T04:00:00Z,Sell,6.18,0,1,618,1,0,618,38,1,"	1553,1579" 
2026-04-09T20:00:00Z,"QQQ   260508P00555000",2026-05-09T04:00:00Z,Buy,3.68,0,1,-368,1,-368,0,368,0,"	1561,1580" 
2026-04-09T20:00:00Z,"QQQ   260508P00586000",2026-05-09T04:00:00Z,Sell,8.16,0,1,816,1,0,816,46,1,"	1560,1581" 
2026-05-04T20:00:00Z,"DIA   260529P00464000",2026-05-30T04:00:00Z,Buy,1.76,0,1,-176,1,-176,4,180,0,"	1571,1582" 
2026-05-04T20:00:00Z,"DIA   260529P00485000",2026-05-30T04:00:00Z,Sell,3.8,0,1,380,1,-182.5,380,182.5,1,"	1570,1583" 
2026-05-04T20:00:00Z,"GLD   260529P00385000",2026-05-30T04:00:00Z,Buy,1.91,0,1,-191,1,-191,19.5,210.5,0,"	1573,1584" 
2026-05-04T20:00:00Z,"GLD   260529P00410000",2026-05-30T04:00:00Z,Sell,5.8,0,1,580,1,-207.5,580,349,1,"	1572,1585" 
2026-05-04T20:00:00Z,"IWM   260529P00255000",2026-05-30T04:00:00Z,Buy,1.17,0,1,-117,1,-117,8.5,125.5,0,"	1567,1586" 
2026-05-04T20:00:00Z,"IWM   260529P00271000",2026-05-30T04:00:00Z,Sell,3.48,0,1,348,1,-41.5,348,203.5,1,"	1566,1587" 
2026-05-04T20:00:00Z,"QQQ   260529P00628000",2026-05-30T04:00:00Z,Buy,3.32,0,1,-332,1,-332,16,348,0,"	1569,1588" 
2026-05-04T20:00:00Z,"QQQ   260529P00655000",2026-05-30T04:00:00Z,Sell,7.31,0,1,731,1,-49,731,49,1,"	1568,1589" 
2026-05-04T20:00:00Z,"SPY   260529P00679000",2026-05-30T04:00:00Z,Buy,2.46,0,1,-246,1,-246,27,273,0,"	1565,1590" 
2026-05-04T20:00:00Z,"SPY   260529P00705000",2026-05-30T04:00:00Z,Sell,5.98,0,1,598,1,-60,598,60,1,"	1564,1591" 
